split_a,path_a,split_b,path_b,distance,same_class
valid,C:\Users\raghu\datasets\skin\SkinDisease\valid\Acne\acne-closed-comedo-003.jpeg,train,C:\Users\raghu\datasets\skin\SkinDisease\train\Acne\acne-open-comedo-14.jpeg,0,1
valid,C:\Users\raghu\datasets\skin\SkinDisease\valid\Acne\acne-closed-comedo-14.jpeg,train,C:\Users\raghu\datasets\skin\SkinDisease\train\Benign_tumors\neurofibromas-13.jpeg,0,0
valid,C:\Users\raghu\datasets\skin\SkinDisease\valid\Acne\acne-cystic-13.jpeg,train,C:\Users\raghu\datasets\skin\SkinDisease\train\Acne\acne-pustular-3.jpeg,0,1
valid,C:\Users\raghu\datasets\skin\SkinDisease\valid\Acne\acne-cystic-18.jpeg,train,C:\Users\raghu\datasets\skin\SkinDisease\train\Acne\acne-pustular-6.jpeg,0,1
valid,C:\Users\raghu\datasets\skin\SkinDisease\valid\Acne\acne-cystic-20.jpeg,train,C:\Users\raghu\datasets\skin\SkinDisease\train\Acne\acne-pustular-7.jpeg,0,1
valid,C:\Users\raghu\datasets\skin\SkinDisease\valid\Actinic_Keratosis\235__ProtectWyJQcm90ZWN0Il0_FocusFillWzI5NCwyMjIsInkiLDM2XQ.jpeg,train,C:\Users\raghu\datasets\skin\SkinDisease\train\Actinic_Keratosis\image15.jpeg,0,1
valid,C:\Users\raghu\datasets\skin\SkinDisease\valid\Actinic_Keratosis\248__ProtectWyJQcm90ZWN0Il0_FocusFillWzI5NCwyMjIsIngiLDFd.jpeg,train,C:\Users\raghu\datasets\skin\SkinDisease\train\Actinic_Keratosis\images162.jpeg,0,1
valid,C:\Users\raghu\datasets\skin\SkinDisease\valid\Actinic_Keratosis\311__ProtectWyJQcm90ZWN0Il0_FocusFillWzI5NCwyMjIsIngiLDFd.jpeg,train,C:\Users\raghu\datasets\skin\SkinDisease\train\Actinic_Keratosis\images84.jpeg,0,1
valid,C:\Users\raghu\datasets\skin\SkinDisease\valid\Actinic_Keratosis\420__ProtectWyJQcm90ZWN0Il0_FocusFillWzI5NCwyMjIsIngiLDFd.jpeg,train,C:\Users\raghu\datasets\skin\SkinDisease\train\Actinic_Keratosis\images224.jpeg,0,1
valid,C:\Users\raghu\datasets\skin\SkinDisease\valid\Actinic_Keratosis\PAT_1547_1876_839.png,train,C:\Users\raghu\datasets\skin\SkinDisease\train\Actinic_Keratosis\PAT_1282_978_328.png,0,1
valid,C:\Users\raghu\datasets\skin\SkinDisease\valid\Benign_tumors\07GiantComedone.jpeg,train,C:\Users\raghu\datasets\skin\SkinDisease\train\Acne\acne-open-comedo-12.jpeg,0,0
valid,C:\Users\raghu\datasets\skin\SkinDisease\valid\Benign_tumors\calcifying-epithelioma-4.jpeg,train,C:\Users\raghu\datasets\skin\SkinDisease\train\SkinCancer\basal-cell-carcinoma-lesion-55.jpeg,0,0
valid,C:\Users\raghu\datasets\skin\SkinDisease\valid\Benign_tumors\cylindroma-1.jpeg,train,C:\Users\raghu\datasets\skin\SkinDisease\train\Actinic_Keratosis\PAT_180_756_831.png,0,0
valid,C:\Users\raghu\datasets\skin\SkinDisease\valid\Benign_tumors\dermatofibroma-68.jpeg,train,C:\Users\raghu\datasets\skin\SkinDisease\train\SkinCancer\basal-cell-carcinoma-lesion-64.jpeg,0,0
valid,C:\Users\raghu\datasets\skin\SkinDisease\valid\Eczema\03EczemaAreolae021223.jpeg,train,C:\Users\raghu\datasets\skin\SkinDisease\train\Eczema\eczema-areola-10.jpeg,0,1
valid,C:\Users\raghu\datasets\skin\SkinDisease\valid\Eczema\03EczemaAreolae1.jpeg,train,C:\Users\raghu\datasets\skin\SkinDisease\train\Eczema\eczema-areola-11.jpeg,0,1
valid,C:\Users\raghu\datasets\skin\SkinDisease\valid\Eczema\03EczemaExcoriated.jpeg,train,C:\Users\raghu\datasets\skin\SkinDisease\train\Eczema\eczema-leg-7.jpeg,0,1
valid,C:\Users\raghu\datasets\skin\SkinDisease\valid\Eczema\03EczemaExcoriated011204.jpeg,train,C:\Users\raghu\datasets\skin\SkinDisease\train\Eczema\eczema-leg-8.jpeg,0,1
valid,C:\Users\raghu\datasets\skin\SkinDisease\valid\Eczema\03eczema091205.jpeg,train,C:\Users\raghu\datasets\skin\SkinDisease\train\Eczema\eczema-chronic-20.jpeg,0,1
valid,C:\Users\raghu\datasets\skin\SkinDisease\valid\Eczema\05ATopicAreola.jpeg,train,C:\Users\raghu\datasets\skin\SkinDisease\train\Eczema\eczema-areola-14.jpeg,0,1
valid,C:\Users\raghu\datasets\skin\SkinDisease\valid\Eczema\05AtopicPapules.jpeg,train,C:\Users\raghu\datasets\skin\SkinDisease\train\Actinic_Keratosis\PAT_1282_978_328.png,0,0
valid,C:\Users\raghu\datasets\skin\SkinDisease\valid\Lupus\2543__ProtectWyJQcm90ZWN0Il0_FocusFillWzI5NCwyMjIsIngiLDFd.jpeg,train,C:\Users\raghu\datasets\skin\SkinDisease\train\Benign_tumors\skin-tags-polyps-33.jpeg,0,0
valid,C:\Users\raghu\datasets\skin\SkinDisease\valid\Lupus\2551__ProtectWyJQcm90ZWN0Il0_FocusFillWzI5NCwyMjIsInkiLDZd.jpeg,train,C:\Users\raghu\datasets\skin\SkinDisease\train\Lupus\lupus-sc3__ProtectWyJQcm90ZWN0Il0_FocusFillWzI5NCwyMjIsInkiLDZd.jpeg,0,1
valid,C:\Users\raghu\datasets\skin\SkinDisease\valid\Lupus\2564__ProtectWyJQcm90ZWN0Il0_FocusFillWzI5NCwyMjIsIngiLDFd.jpeg,train,C:\Users\raghu\datasets\skin\SkinDisease\train\Lupus\lupus-bullous__ProtectWyJQcm90ZWN0Il0_FocusFillWzI5NCwyMjIsIngiLDFd.jpeg,0,1
valid,C:\Users\raghu\datasets\skin\SkinDisease\valid\Warts\genital-warts-29.jpeg,train,C:\Users\raghu\datasets\skin\SkinDisease\train\Actinic_Keratosis\PAT_1282_978_328.png,0,0
valid,C:\Users\raghu\datasets\skin\SkinDisease\valid\Warts\genital-warts-52.jpeg,train,C:\Users\raghu\datasets\skin\SkinDisease\train\Warts\warts-immunocompromised-11.jpeg,0,1
valid,C:\Users\raghu\datasets\skin\SkinDisease\valid\Warts\genital-warts-57.jpeg,train,C:\Users\raghu\datasets\skin\SkinDisease\train\Warts\warts-common-47.jpeg,0,1
valid,C:\Users\raghu\datasets\skin\SkinDisease\valid\Warts\genital-warts-58.jpeg,train,C:\Users\raghu\datasets\skin\SkinDisease\train\Warts\warts-genital-1.jpeg,0,1
valid,C:\Users\raghu\datasets\skin\SkinDisease\valid\Warts\genital-warts-59.jpeg,train,C:\Users\raghu\datasets\skin\SkinDisease\train\Warts\warts-genital-2.jpeg,0,1
test,C:\Users\raghu\datasets\skin\SkinDisease\test\Acne\acne-cystic-11.jpeg,train,C:\Users\raghu\datasets\skin\SkinDisease\train\Acne\acne-pustular-18.jpeg,0,1
test,C:\Users\raghu\datasets\skin\SkinDisease\test\Acne\acne-excoriated-2.jpeg,train,C:\Users\raghu\datasets\skin\SkinDisease\train\Acne\acne-excoriated-1.jpeg,0,1
test,C:\Users\raghu\datasets\skin\SkinDisease\test\Actinic_Keratosis\Actinic-keratosis-AK-scaled.jpeg,train,C:\Users\raghu\datasets\skin\SkinDisease\train\Actinic_Keratosis\images110.jpeg,0,1
test,C:\Users\raghu\datasets\skin\SkinDisease\test\Actinic_Keratosis\PAT_1993_4076_174.png,train,C:\Users\raghu\datasets\skin\SkinDisease\train\Warts\warts-common-63.jpeg,0,0
test,C:\Users\raghu\datasets\skin\SkinDisease\test\Actinic_Keratosis\actinic-cheilitis-sq-cell-lip-54.jpeg,train,C:\Users\raghu\datasets\skin\SkinDisease\train\Actinic_Keratosis\actinic-cheilitis-sq-cell-lip-23.jpeg,0,1
test,C:\Users\raghu\datasets\skin\SkinDisease\test\Actinic_Keratosis\actinic_keratosis.jpeg,train,C:\Users\raghu\datasets\skin\SkinDisease\train\Actinic_Keratosis\images156.jpeg,0,1
test,C:\Users\raghu\datasets\skin\SkinDisease\test\Actinic_Keratosis\image14.jpeg,train,C:\Users\raghu\datasets\skin\SkinDisease\train\Actinic_Keratosis\actinic_keratosis2.jpeg,0,1
test,C:\Users\raghu\datasets\skin\SkinDisease\test\Actinic_Keratosis\images256.jpeg,train,C:\Users\raghu\datasets\skin\SkinDisease\train\Actinic_Keratosis\Bowens-Disease.jpeg,0,1
test,C:\Users\raghu\datasets\skin\SkinDisease\test\Benign_tumors\connective-tissue-nevus-1.jpeg,train,C:\Users\raghu\datasets\skin\SkinDisease\train\Actinic_Keratosis\PAT_1282_978_328.png,0,0
test,C:\Users\raghu\datasets\skin\SkinDisease\test\Benign_tumors\porokeratosis-99.jpeg,train,C:\Users\raghu\datasets\skin\SkinDisease\train\Actinic_Keratosis\PAT_1282_978_328.png,0,0
test,C:\Users\raghu\datasets\skin\SkinDisease\test\Eczema\03Eczema0310.jpeg,train,C:\Users\raghu\datasets\skin\SkinDisease\train\Eczema\eczema-areola-3.jpeg,0,1
test,C:\Users\raghu\datasets\skin\SkinDisease\test\Eczema\05AtopicAreola23.jpeg,train,C:\Users\raghu\datasets\skin\SkinDisease\train\Eczema\eczema-areola-16.jpeg,0,1
test,C:\Users\raghu\datasets\skin\SkinDisease\test\Eczema\eczema-acute-1.jpeg,train,C:\Users\raghu\datasets\skin\SkinDisease\train\Eczema\eczema-hand-1.jpeg,0,1
test,C:\Users\raghu\datasets\skin\SkinDisease\test\Eczema\eczema-arms-7.jpeg,train,C:\Users\raghu\datasets\skin\SkinDisease\train\Eczema\eczema-chronic-2.jpeg,0,1
test,C:\Users\raghu\datasets\skin\SkinDisease\test\Eczema\eczema-face-2.jpeg,train,C:\Users\raghu\datasets\skin\SkinDisease\train\Eczema\eczema-chronic-19.jpeg,0,1
test,C:\Users\raghu\datasets\skin\SkinDisease\test\Eczema\eczema-fingertips-55.jpeg,train,C:\Users\raghu\datasets\skin\SkinDisease\train\Eczema\eczema-fingertips-56.jpeg,0,1
test,C:\Users\raghu\datasets\skin\SkinDisease\test\Eczema\eczema-fingertips-58.jpeg,train,C:\Users\raghu\datasets\skin\SkinDisease\train\Eczema\eczema-fingertips-59.jpeg,0,1
test,C:\Users\raghu\datasets\skin\SkinDisease\test\Eczema\eczema-fingertips-66.jpeg,train,C:\Users\raghu\datasets\skin\SkinDisease\train\Eczema\eczema-hand-100.jpeg,0,1
test,C:\Users\raghu\datasets\skin\SkinDisease\test\Eczema\eczema-foot-25.jpeg,train,C:\Users\raghu\datasets\skin\SkinDisease\train\Eczema\eczema-impetiginized-7.jpeg,0,1
test,C:\Users\raghu\datasets\skin\SkinDisease\test\Eczema\eczema-subacute-18.jpeg,train,C:\Users\raghu\datasets\skin\SkinDisease\train\Eczema\eczema-leg-4.jpeg,0,1
test,C:\Users\raghu\datasets\skin\SkinDisease\test\Eczema\eczema-subacute-36.jpeg,train,C:\Users\raghu\datasets\skin\SkinDisease\train\Eczema\eczema-trunk-generalized-25.jpeg,0,1
test,C:\Users\raghu\datasets\skin\SkinDisease\test\Eczema\eczema-trunk-generalized-28.jpeg,train,C:\Users\raghu\datasets\skin\SkinDisease\train\Eczema\eczema-subacute-29.jpeg,0,1
test,C:\Users\raghu\datasets\skin\SkinDisease\test\Eczema\eczema-trunk-generalized-36.jpeg,train,C:\Users\raghu\datasets\skin\SkinDisease\train\Eczema\eczema-subacute-15.jpeg,0,1
test,C:\Users\raghu\datasets\skin\SkinDisease\test\Lupus\lupus-chronic-cutaneous-41.jpeg,train,C:\Users\raghu\datasets\skin\SkinDisease\train\Lupus\lupus-chronic-cutaneous-40.jpeg,0,1
test,C:\Users\raghu\datasets\skin\SkinDisease\test\SkinCancer\basal-cell-carcinoma-pigmented-64.jpeg,train,C:\Users\raghu\datasets\skin\SkinDisease\train\SkinCancer\basal-cell-carcinoma-pigmented-65.jpeg,0,1
test,C:\Users\raghu\datasets\skin\SkinDisease\test\Vasculitis\vasculitis-98.jpeg,train,C:\Users\raghu\datasets\skin\SkinDisease\train\Vasculitis\vasculitis-97.jpeg,0,1
test,C:\Users\raghu\datasets\skin\SkinDisease\test\Warts\genital-warts-30.jpeg,train,C:\Users\raghu\datasets\skin\SkinDisease\train\Actinic_Keratosis\PAT_1282_978_328.png,0,0
test,C:\Users\raghu\datasets\skin\SkinDisease\test\Warts\genital-warts-31.jpeg,train,C:\Users\raghu\datasets\skin\SkinDisease\train\Actinic_Keratosis\PAT_1282_978_328.png,0,0
test,C:\Users\raghu\datasets\skin\SkinDisease\test\Warts\warts-common-30.jpeg,train,C:\Users\raghu\datasets\skin\SkinDisease\train\Warts\warts-digitate-12.jpeg,0,1
test,C:\Users\raghu\datasets\skin\SkinDisease\test\Warts\warts-digitate-13.jpeg,train,C:\Users\raghu\datasets\skin\SkinDisease\train\Warts\warts-common-32.jpeg,0,1
test,C:\Users\raghu\datasets\skin\SkinDisease\test\Warts\warts-flat-29.jpeg,train,C:\Users\raghu\datasets\skin\SkinDisease\train\Warts\warts-flat-32.jpeg,0,1
test,C:\Users\raghu\datasets\skin\SkinDisease\test\Warts\warts-flat-34.jpeg,train,C:\Users\raghu\datasets\skin\SkinDisease\train\Warts\warts-flat-35.jpeg,0,1
test,C:\Users\raghu\datasets\skin\SkinDisease\test\Actinic_Keratosis\images149.jpeg,valid,C:\Users\raghu\datasets\skin\SkinDisease\valid\Actinic_Keratosis\424__ProtectWyJQcm90ZWN0Il0_FocusFillWzI5NCwyMjIsIngiLDFd.jpeg,0,1
test,C:\Users\raghu\datasets\skin\SkinDisease\test\Benign_tumors\connective-tissue-nevus-1.jpeg,valid,C:\Users\raghu\datasets\skin\SkinDisease\valid\Actinic_Keratosis\PAT_1547_1876_839.png,0,0
test,C:\Users\raghu\datasets\skin\SkinDisease\test\Benign_tumors\porokeratosis-99.jpeg,valid,C:\Users\raghu\datasets\skin\SkinDisease\valid\Actinic_Keratosis\PAT_1547_1876_839.png,0,0
test,C:\Users\raghu\datasets\skin\SkinDisease\test\Eczema\eczema-areola-17.jpeg,valid,C:\Users\raghu\datasets\skin\SkinDisease\valid\Eczema\05AtopicAreola3.jpeg,0,1
test,C:\Users\raghu\datasets\skin\SkinDisease\test\Eczema\eczema-hand-16.jpeg,valid,C:\Users\raghu\datasets\skin\SkinDisease\valid\Acne\acne-cystic-2.jpeg,0,0
test,C:\Users\raghu\datasets\skin\SkinDisease\test\Lupus\2561__ProtectWyJQcm90ZWN0Il0_FocusFillWzI5NCwyMjIsInkiLDZd.jpeg,valid,C:\Users\raghu\datasets\skin\SkinDisease\valid\Lupus\dle-scalp__ProtectWyJQcm90ZWN0Il0_FocusFillWzI5NCwyMjIsInkiLDZd.jpeg,0,1
test,C:\Users\raghu\datasets\skin\SkinDisease\test\Lupus\le-nailfolds__ProtectWyJQcm90ZWN0Il0_FocusFillWzI5NCwyMjIsIngiLDFd.jpeg,valid,C:\Users\raghu\datasets\skin\SkinDisease\valid\Lupus\2542__ProtectWyJQcm90ZWN0Il0_FocusFillWzI5NCwyMjIsIngiLDFd.jpeg,0,1
test,C:\Users\raghu\datasets\skin\SkinDisease\test\Warts\genital-warts-30.jpeg,valid,C:\Users\raghu\datasets\skin\SkinDisease\valid\Actinic_Keratosis\PAT_1547_1876_839.png,0,0
test,C:\Users\raghu\datasets\skin\SkinDisease\test\Warts\genital-warts-31.jpeg,valid,C:\Users\raghu\datasets\skin\SkinDisease\valid\Actinic_Keratosis\PAT_1547_1876_839.png,0,0
test,C:\Users\raghu\datasets\skin\SkinDisease\test\Actinic_Keratosis\actinic-keratosis-web.jpeg,test,C:\Users\raghu\datasets\skin\SkinDisease\test\Actinic_Keratosis\images160.jpeg,0,1
test,C:\Users\raghu\datasets\skin\SkinDisease\test\Benign_tumors\connective-tissue-nevus-1.jpeg,test,C:\Users\raghu\datasets\skin\SkinDisease\test\Benign_tumors\porokeratosis-99.jpeg,0,1
test,C:\Users\raghu\datasets\skin\SkinDisease\test\Warts\genital-warts-30.jpeg,test,C:\Users\raghu\datasets\skin\SkinDisease\test\Benign_tumors\connective-tissue-nevus-1.jpeg,0,0
test,C:\Users\raghu\datasets\skin\SkinDisease\test\Warts\genital-warts-31.jpeg,test,C:\Users\raghu\datasets\skin\SkinDisease\test\Benign_tumors\connective-tissue-nevus-1.jpeg,0,0
train,C:\Users\raghu\datasets\skin\SkinDisease\train\Acne\acne-face-1-28__WatermarkedWyJXYXRlcm1hcmtlZCJd (1).jpeg,train,C:\Users\raghu\datasets\skin\SkinDisease\train\Acne\acne-face-1-28__WatermarkedWyJXYXRlcm1hcmtlZCJd.jpeg,0,1
train,C:\Users\raghu\datasets\skin\SkinDisease\train\Actinic_Keratosis\20230720_Actinic-Keratoses_Cheek.jpeg,train,C:\Users\raghu\datasets\skin\SkinDisease\train\Actinic_Keratosis\images249.jpeg,0,1
train,C:\Users\raghu\datasets\skin\SkinDisease\train\Actinic_Keratosis\40257_2022_674_Fig1_HTML.jpeg,train,C:\Users\raghu\datasets\skin\SkinDisease\train\Actinic_Keratosis\images209.jpeg,0,1
train,C:\Users\raghu\datasets\skin\SkinDisease\train\Actinic_Keratosis\ACTINIC-KERATOSES.jpeg,train,C:\Users\raghu\datasets\skin\SkinDisease\train\Actinic_Keratosis\image26.jpeg,0,1
train,C:\Users\raghu\datasets\skin\SkinDisease\train\Actinic_Keratosis\Actinic-Keratosis-skin-cancer-154918058_3744x5616-1.jpeg,train,C:\Users\raghu\datasets\skin\SkinDisease\train\Actinic_Keratosis\image16.jpeg,0,1
train,C:\Users\raghu\datasets\skin\SkinDisease\train\Actinic_Keratosis\Actinic_keratoses_on_forehead.jpeg,train,C:\Users\raghu\datasets\skin\SkinDisease\train\Actinic_Keratosis\images278.jpeg,0,1
train,C:\Users\raghu\datasets\skin\SkinDisease\train\Actinic_Keratosis\F1.large.jpeg,train,C:\Users\raghu\datasets\skin\SkinDisease\train\Actinic_Keratosis\images148.jpeg,0,1
train,C:\Users\raghu\datasets\skin\SkinDisease\train\Actinic_Keratosis\PAT_1282_978_328.png,train,C:\Users\raghu\datasets\skin\SkinDisease\train\Actinic_Keratosis\PAT_1373_1283_85.png,0,1
train,C:\Users\raghu\datasets\skin\SkinDisease\train\Actinic_Keratosis\PAT_409_2614_24.png,train,C:\Users\raghu\datasets\skin\SkinDisease\train\Actinic_Keratosis\PAT_1282_978_328.png,0,1
train,C:\Users\raghu\datasets\skin\SkinDisease\train\Actinic_Keratosis\PAT_677_1350_358.png,train,C:\Users\raghu\datasets\skin\SkinDisease\train\SkinCancer\basal-cell-carcinoma-lesion-55.jpeg,0,0
train,C:\Users\raghu\datasets\skin\SkinDisease\train\Actinic_Keratosis\actinic-cheilitis-sq-cell-lip-34.jpeg,train,C:\Users\raghu\datasets\skin\SkinDisease\train\Actinic_Keratosis\actinic-cheilitis-sq-cell-lip-37.jpeg,0,1
train,C:\Users\raghu\datasets\skin\SkinDisease\train\Actinic_Keratosis\actinic-cheilitis-sq-cell-lip-36.jpeg,train,C:\Users\raghu\datasets\skin\SkinDisease\train\Actinic_Keratosis\actinic-cheilitis-sq-cell-lip-40.jpeg,0,1
train,C:\Users\raghu\datasets\skin\SkinDisease\train\Actinic_Keratosis\actinic-keratosis-ear-11.jpeg,train,C:\Users\raghu\datasets\skin\SkinDisease\train\Actinic_Keratosis\actinic-keratosis-ear-12.jpeg,0,1
train,C:\Users\raghu\datasets\skin\SkinDisease\train\Actinic_Keratosis\actinic-keratosis-face-19.jpeg,train,C:\Users\raghu\datasets\skin\SkinDisease\train\Actinic_Keratosis\actinic-keratosis-face-37.jpeg,0,1
train,C:\Users\raghu\datasets\skin\SkinDisease\train\Actinic_Keratosis\actinic-keratosis-face-46.jpeg,train,C:\Users\raghu\datasets\skin\SkinDisease\train\Actinic_Keratosis\actinic-keratosis-face-47.jpeg,0,1
train,C:\Users\raghu\datasets\skin\SkinDisease\train\Actinic_Keratosis\actinic-keratosis-hand-14.jpeg,train,C:\Users\raghu\datasets\skin\SkinDisease\train\Actinic_Keratosis\actinic-keratosis-hand-20.jpeg,0,1
train,C:\Users\raghu\datasets\skin\SkinDisease\train\Actinic_Keratosis\actinic-keratosis-hero.jpeg,train,C:\Users\raghu\datasets\skin\SkinDisease\train\Actinic_Keratosis\image24.jpeg,0,1
train,C:\Users\raghu\datasets\skin\SkinDisease\train\Actinic_Keratosis\actinic-keratosis-horn-10.jpeg,train,C:\Users\raghu\datasets\skin\SkinDisease\train\Actinic_Keratosis\actinic-keratosis-horn-21.jpeg,0,1
train,C:\Users\raghu\datasets\skin\SkinDisease\train\Actinic_Keratosis\actinic-keratosis-scaled.jpeg,train,C:\Users\raghu\datasets\skin\SkinDisease\train\Actinic_Keratosis\images205.jpeg,0,1
train,C:\Users\raghu\datasets\skin\SkinDisease\train\Actinic_Keratosis\actinicKeratosisSolarKeratosis_51760_lg.jpeg,train,C:\Users\raghu\datasets\skin\SkinDisease\train\Actinic_Keratosis\image11.jpeg,0,1
train,C:\Users\raghu\datasets\skin\SkinDisease\train\Actinic_Keratosis\actinickeratosiis.jpeg,train,C:\Users\raghu\datasets\skin\SkinDisease\train\Actinic_Keratosis\images99.jpeg,0,1
train,C:\Users\raghu\datasets\skin\SkinDisease\train\Actinic_Keratosis\c0168190-actinic-keratosis-scalp-science-photo-library-high.jpeg,train,C:\Users\raghu\datasets\skin\SkinDisease\train\Actinic_Keratosis\images183.jpeg,0,1
train,C:\Users\raghu\datasets\skin\SkinDisease\train\Actinic_Keratosis\images.jpeg,train,C:\Users\raghu\datasets\skin\SkinDisease\train\Actinic_Keratosis\images167.jpeg,0,1
train,C:\Users\raghu\datasets\skin\SkinDisease\train\Actinic_Keratosis\images139.jpeg,train,C:\Users\raghu\datasets\skin\SkinDisease\train\Vasculitis\vasculitis-58.jpeg,0,0
train,C:\Users\raghu\datasets\skin\SkinDisease\train\Actinic_Keratosis\images270.jpeg,train,C:\Users\raghu\datasets\skin\SkinDisease\train\Warts\warts-common-63.jpeg,0,0
train,C:\Users\raghu\datasets\skin\SkinDisease\train\Benign_tumors\epidermal-cyst-167.jpeg,train,C:\Users\raghu\datasets\skin\SkinDisease\train\Benign_tumors\epidermal-cyst-168.jpeg,0,1
train,C:\Users\raghu\datasets\skin\SkinDisease\train\Benign_tumors\epidermal-cyst-98.jpeg,train,C:\Users\raghu\datasets\skin\SkinDisease\train\Benign_tumors\pilar-cyst-33.jpeg,0,1
train,C:\Users\raghu\datasets\skin\SkinDisease\train\Benign_tumors\epidermal-cyst-99.jpeg,train,C:\Users\raghu\datasets\skin\SkinDisease\train\Benign_tumors\pilar-cyst-34.jpeg,0,1
train,C:\Users\raghu\datasets\skin\SkinDisease\train\Benign_tumors\epidermal-nevus-27.jpeg,train,C:\Users\raghu\datasets\skin\SkinDisease\train\Eczema\eczema-leg-20.jpeg,0,0
train,C:\Users\raghu\datasets\skin\SkinDisease\train\Benign_tumors\granuloma-faciale-1.jpeg,train,C:\Users\raghu\datasets\skin\SkinDisease\train\Vasculitis\granuloma-faciale-1.jpeg,0,0
train,C:\Users\raghu\datasets\skin\SkinDisease\train\Benign_tumors\granuloma-faciale-2.jpeg,train,C:\Users\raghu\datasets\skin\SkinDisease\train\Vasculitis\granuloma-faciale-2.jpeg,0,0
train,C:\Users\raghu\datasets\skin\SkinDisease\train\Benign_tumors\granuloma-faciale-3.jpeg,train,C:\Users\raghu\datasets\skin\SkinDisease\train\Vasculitis\granuloma-faciale-3.jpeg,0,0
train,C:\Users\raghu\datasets\skin\SkinDisease\train\Benign_tumors\granuloma-faciale-4.jpeg,train,C:\Users\raghu\datasets\skin\SkinDisease\train\Vasculitis\granuloma-faciale-4.jpeg,0,0
train,C:\Users\raghu\datasets\skin\SkinDisease\train\Benign_tumors\granuloma-faciale-5.jpeg,train,C:\Users\raghu\datasets\skin\SkinDisease\train\Vasculitis\granuloma-faciale-5.jpeg,0,0
train,C:\Users\raghu\datasets\skin\SkinDisease\train\Benign_tumors\keloids-1.jpeg,train,C:\Users\raghu\datasets\skin\SkinDisease\train\Benign_tumors\keloids-50.jpeg,0,1
train,C:\Users\raghu\datasets\skin\SkinDisease\train\Benign_tumors\keratoacanthoma-119.jpeg,train,C:\Users\raghu\datasets\skin\SkinDisease\train\Benign_tumors\keratoacanthoma-120.jpeg,0,1
train,C:\Users\raghu\datasets\skin\SkinDisease\train\Benign_tumors\keratoacanthoma-92.jpeg,train,C:\Users\raghu\datasets\skin\SkinDisease\train\Benign_tumors\keratoacanthoma-93.jpeg,0,1
train,C:\Users\raghu\datasets\skin\SkinDisease\train\Benign_tumors\leiomyomata-1.jpeg,train,C:\Users\raghu\datasets\skin\SkinDisease\train\Warts\warts-common-3.jpeg,0,0
train,C:\Users\raghu\datasets\skin\SkinDisease\train\Benign_tumors\neurofibromas-13.jpeg,train,C:\Users\raghu\datasets\skin\SkinDisease\train\Actinic_Keratosis\PAT_409_2614_24.png,0,0
train,C:\Users\raghu\datasets\skin\SkinDisease\train\Benign_tumors\nevus-sebaceous-32.jpeg,train,C:\Users\raghu\datasets\skin\SkinDisease\train\Benign_tumors\nevus-sebaceous-36.jpeg,0,1
train,C:\Users\raghu\datasets\skin\SkinDisease\train\Benign_tumors\nevus-sebaceous-41.jpeg,train,C:\Users\raghu\datasets\skin\SkinDisease\train\Benign_tumors\nevus-sebaceous-50.jpeg,0,1
train,C:\Users\raghu\datasets\skin\SkinDisease\train\Benign_tumors\porokeratosis-4.jpeg,train,C:\Users\raghu\datasets\skin\SkinDisease\train\Actinic_Keratosis\PAT_1282_978_328.png,0,0
train,C:\Users\raghu\datasets\skin\SkinDisease\train\Benign_tumors\porokeratosis-56.jpeg,train,C:\Users\raghu\datasets\skin\SkinDisease\train\Actinic_Keratosis\PAT_1282_978_328.png,0,0
train,C:\Users\raghu\datasets\skin\SkinDisease\train\Benign_tumors\porokeratosis-57.jpeg,train,C:\Users\raghu\datasets\skin\SkinDisease\train\Actinic_Keratosis\PAT_1282_978_328.png,0,0
train,C:\Users\raghu\datasets\skin\SkinDisease\train\Benign_tumors\syringoma-20.jpeg,train,C:\Users\raghu\datasets\skin\SkinDisease\train\Benign_tumors\syringoma-21.jpeg,0,1
train,C:\Users\raghu\datasets\skin\SkinDisease\train\Eczema\eczema-acute-12.jpeg,train,C:\Users\raghu\datasets\skin\SkinDisease\train\Eczema\eczema-acute-13.jpeg,0,1
train,C:\Users\raghu\datasets\skin\SkinDisease\train\Eczema\eczema-arms-10.jpeg,train,C:\Users\raghu\datasets\skin\SkinDisease\train\Eczema\eczema-subacute-24.jpeg,0,1
train,C:\Users\raghu\datasets\skin\SkinDisease\train\Eczema\eczema-arms-11.jpeg,train,C:\Users\raghu\datasets\skin\SkinDisease\train\Eczema\eczema-subacute-40.jpeg,0,1
train,C:\Users\raghu\datasets\skin\SkinDisease\train\Eczema\eczema-arms-14.jpeg,train,C:\Users\raghu\datasets\skin\SkinDisease\train\Eczema\eczema-nummular-16.jpeg,0,1
train,C:\Users\raghu\datasets\skin\SkinDisease\train\Eczema\eczema-arms-3.jpeg,train,C:\Users\raghu\datasets\skin\SkinDisease\train\Eczema\eczema-subacute-6.jpeg,0,1
train,C:\Users\raghu\datasets\skin\SkinDisease\train\Eczema\eczema-arms-4.jpeg,train,C:\Users\raghu\datasets\skin\SkinDisease\train\Eczema\eczema-subacute-7.jpeg,0,1
train,C:\Users\raghu\datasets\skin\SkinDisease\train\Eczema\eczema-arms-5.jpeg,train,C:\Users\raghu\datasets\skin\SkinDisease\train\Eczema\eczema-subacute-8.jpeg,0,1
train,C:\Users\raghu\datasets\skin\SkinDisease\train\Eczema\eczema-arms-8.jpeg,train,C:\Users\raghu\datasets\skin\SkinDisease\train\Eczema\eczema-subacute-21.jpeg,0,1
train,C:\Users\raghu\datasets\skin\SkinDisease\train\Eczema\eczema-arms-9.jpeg,train,C:\Users\raghu\datasets\skin\SkinDisease\train\Eczema\eczema-subacute-23.jpeg,0,1
train,C:\Users\raghu\datasets\skin\SkinDisease\train\Eczema\eczema-chronic-2.jpeg,train,C:\Users\raghu\datasets\skin\SkinDisease\train\Eczema\eczema-subacute-13.jpeg,0,1
train,C:\Users\raghu\datasets\skin\SkinDisease\train\Eczema\eczema-chronic-21.jpeg,train,C:\Users\raghu\datasets\skin\SkinDisease\train\Eczema\eczema-leg-5.jpeg,0,1
train,C:\Users\raghu\datasets\skin\SkinDisease\train\Eczema\eczema-chronic-22.jpeg,train,C:\Users\raghu\datasets\skin\SkinDisease\train\Eczema\eczema-trunk-generalized-24.jpeg,0,1
train,C:\Users\raghu\datasets\skin\SkinDisease\train\Eczema\eczema-chronic-26.jpeg,train,C:\Users\raghu\datasets\skin\SkinDisease\train\Eczema\eczema-nummular-8.jpeg,0,1
train,C:\Users\raghu\datasets\skin\SkinDisease\train\Eczema\eczema-chronic-28.jpeg,train,C:\Users\raghu\datasets\skin\SkinDisease\train\Eczema\eczema-nummular-10.jpeg,0,1
train,C:\Users\raghu\datasets\skin\SkinDisease\train\Eczema\eczema-chronic-29.jpeg,train,C:\Users\raghu\datasets\skin\SkinDisease\train\Eczema\eczema-nummular-11.jpeg,0,1
train,C:\Users\raghu\datasets\skin\SkinDisease\train\Eczema\eczema-chronic-30.jpeg,train,C:\Users\raghu\datasets\skin\SkinDisease\train\Eczema\eczema-nummular-12.jpeg,0,1
train,C:\Users\raghu\datasets\skin\SkinDisease\train\Eczema\eczema-chronic-31.jpeg,train,C:\Users\raghu\datasets\skin\SkinDisease\train\Eczema\eczema-nummular-13.jpeg,0,1
train,C:\Users\raghu\datasets\skin\SkinDisease\train\Eczema\eczema-chronic-8.jpeg,train,C:\Users\raghu\datasets\skin\SkinDisease\train\Eczema\eczema-leg-1.jpeg,0,1
train,C:\Users\raghu\datasets\skin\SkinDisease\train\Eczema\eczema-chronic-9.jpeg,train,C:\Users\raghu\datasets\skin\SkinDisease\train\Eczema\eczema-leg-2.jpeg,0,1
train,C:\Users\raghu\datasets\skin\SkinDisease\train\Eczema\eczema-ears-5.jpeg,train,C:\Users\raghu\datasets\skin\SkinDisease\train\Eczema\eczema-face-7.jpeg,0,1
train,C:\Users\raghu\datasets\skin\SkinDisease\train\Eczema\eczema-ears-6.jpeg,train,C:\Users\raghu\datasets\skin\SkinDisease\train\Eczema\eczema-impetiginized-9.jpeg,0,1
train,C:\Users\raghu\datasets\skin\SkinDisease\train\Eczema\eczema-face-1.jpeg,train,C:\Users\raghu\datasets\skin\SkinDisease\train\Eczema\eczema-subacute-30.jpeg,0,1
train,C:\Users\raghu\datasets\skin\SkinDisease\train\Eczema\eczema-fingertips-16.jpeg,train,C:\Users\raghu\datasets\skin\SkinDisease\train\Eczema\eczema-hand-19.jpeg,0,1
train,C:\Users\raghu\datasets\skin\SkinDisease\train\Eczema\eczema-foot-101.jpeg,train,C:\Users\raghu\datasets\skin\SkinDisease\train\Eczema\eczema-foot-12.jpeg,0,1
train,C:\Users\raghu\datasets\skin\SkinDisease\train\Eczema\eczema-foot-102.jpeg,train,C:\Users\raghu\datasets\skin\SkinDisease\train\Eczema\eczema-foot-13.jpeg,0,1
train,C:\Users\raghu\datasets\skin\SkinDisease\train\Eczema\eczema-foot-20.jpeg,train,C:\Users\raghu\datasets\skin\SkinDisease\train\Eczema\eczema-subacute-16.jpeg,0,1
train,C:\Users\raghu\datasets\skin\SkinDisease\train\Eczema\eczema-foot-22.jpeg,train,C:\Users\raghu\datasets\skin\SkinDisease\train\Eczema\eczema-impetiginized-4.jpeg,0,1
train,C:\Users\raghu\datasets\skin\SkinDisease\train\Eczema\eczema-foot-23.jpeg,train,C:\Users\raghu\datasets\skin\SkinDisease\train\Eczema\eczema-impetiginized-5.jpeg,0,1
train,C:\Users\raghu\datasets\skin\SkinDisease\train\Eczema\eczema-foot-24.jpeg,train,C:\Users\raghu\datasets\skin\SkinDisease\train\Eczema\eczema-impetiginized-6.jpeg,0,1
train,C:\Users\raghu\datasets\skin\SkinDisease\train\Eczema\eczema-foot-40.jpeg,train,C:\Users\raghu\datasets\skin\SkinDisease\train\Eczema\eczema-foot-41.jpeg,0,1
train,C:\Users\raghu\datasets\skin\SkinDisease\train\Eczema\eczema-hand-95.jpeg,train,C:\Users\raghu\datasets\skin\SkinDisease\train\Eczema\eczema-hand-96.jpeg,0,1
train,C:\Users\raghu\datasets\skin\SkinDisease\train\Eczema\eczema-impetiginized-8.jpeg,train,C:\Users\raghu\datasets\skin\SkinDisease\train\Eczema\eczema-ears-5.jpeg,0,1
train,C:\Users\raghu\datasets\skin\SkinDisease\train\Eczema\eczema-leg-3.jpeg,train,C:\Users\raghu\datasets\skin\SkinDisease\train\Eczema\eczema-subacute-17.jpeg,0,1
train,C:\Users\raghu\datasets\skin\SkinDisease\train\Eczema\eczema-leg-6.jpeg,train,C:\Users\raghu\datasets\skin\SkinDisease\train\Eczema\eczema-subacute-42.jpeg,0,1
train,C:\Users\raghu\datasets\skin\SkinDisease\train\Eczema\eczema-nummular-118.jpeg,train,C:\Users\raghu\datasets\skin\SkinDisease\train\Eczema\eczema-nummular-128.jpeg,0,1
train,C:\Users\raghu\datasets\skin\SkinDisease\train\Eczema\eczema-nummular-20.jpeg,train,C:\Users\raghu\datasets\skin\SkinDisease\train\Eczema\eczema-subacute-50.jpeg,0,1
train,C:\Users\raghu\datasets\skin\SkinDisease\train\Eczema\eczema-penis-1.jpeg,train,C:\Users\raghu\datasets\skin\SkinDisease\train\Eczema\eczema-subacute-51.jpeg,0,1
train,C:\Users\raghu\datasets\skin\SkinDisease\train\Eczema\eczema-subacute-14.jpeg,train,C:\Users\raghu\datasets\skin\SkinDisease\train\Eczema\eczema-chronic-2.jpeg,0,1
train,C:\Users\raghu\datasets\skin\SkinDisease\train\Eczema\eczema-subacute-19.jpeg,train,C:\Users\raghu\datasets\skin\SkinDisease\train\Eczema\eczema-trunk-generalized-35.jpeg,0,1
train,C:\Users\raghu\datasets\skin\SkinDisease\train\Eczema\eczema-subacute-20.jpeg,train,C:\Users\raghu\datasets\skin\SkinDisease\train\Eczema\eczema-trunk-generalized-34.jpeg,0,1
train,C:\Users\raghu\datasets\skin\SkinDisease\train\Eczema\eczema-subacute-22.jpeg,train,C:\Users\raghu\datasets\skin\SkinDisease\train\Eczema\eczema-trunk-generalized-33.jpeg,0,1
train,C:\Users\raghu\datasets\skin\SkinDisease\train\Eczema\eczema-subacute-28.jpeg,train,C:\Users\raghu\datasets\skin\SkinDisease\train\Eczema\eczema-trunk-generalized-29.jpeg,0,1
train,C:\Users\raghu\datasets\skin\SkinDisease\train\Eczema\eczema-subacute-32.jpeg,train,C:\Users\raghu\datasets\skin\SkinDisease\train\Eczema\eczema-trunk-generalized-27.jpeg,0,1
train,C:\Users\raghu\datasets\skin\SkinDisease\train\Eczema\eczema-subacute-34.jpeg,train,C:\Users\raghu\datasets\skin\SkinDisease\train\Eczema\eczema-trunk-generalized-26.jpeg,0,1
train,C:\Users\raghu\datasets\skin\SkinDisease\train\Eczema\eczema-subacute-39.jpeg,train,C:\Users\raghu\datasets\skin\SkinDisease\train\Eczema\eczema-trunk-generalized-23.jpeg,0,1
train,C:\Users\raghu\datasets\skin\SkinDisease\train\Eczema\eczema-subacute-43.jpeg,train,C:\Users\raghu\datasets\skin\SkinDisease\train\Eczema\eczema-trunk-generalized-22.jpeg,0,1
train,C:\Users\raghu\datasets\skin\SkinDisease\train\Eczema\eczema-subacute-45.jpeg,train,C:\Users\raghu\datasets\skin\SkinDisease\train\Eczema\eczema-trunk-generalized-21.jpeg,0,1
train,C:\Users\raghu\datasets\skin\SkinDisease\train\Eczema\eczema-subacute-46.jpeg,train,C:\Users\raghu\datasets\skin\SkinDisease\train\Eczema\eczema-trunk-generalized-15.jpeg,0,1
train,C:\Users\raghu\datasets\skin\SkinDisease\train\Eczema\eczema-subacute-47.jpeg,train,C:\Users\raghu\datasets\skin\SkinDisease\train\Eczema\eczema-trunk-generalized-12.jpeg,0,1
train,C:\Users\raghu\datasets\skin\SkinDisease\train\Eczema\eczema-subacute-48.jpeg,train,C:\Users\raghu\datasets\skin\SkinDisease\train\Eczema\eczema-trunk-generalized-11.jpeg,0,1
train,C:\Users\raghu\datasets\skin\SkinDisease\train\Eczema\eczema-subacute-52.jpeg,train,C:\Users\raghu\datasets\skin\SkinDisease\train\Eczema\eczema-penis-1.jpeg,0,1
train,C:\Users\raghu\datasets\skin\SkinDisease\train\Eczema\eczema-subacute-53.jpeg,train,C:\Users\raghu\datasets\skin\SkinDisease\train\Eczema\eczema-trunk-generalized-3.jpeg,0,1
train,C:\Users\raghu\datasets\skin\SkinDisease\train\Lupus\lupus-chronic-cutaneous-10.jpeg,train,C:\Users\raghu\datasets\skin\SkinDisease\train\Lupus\lupus-chronic-cutaneous-11.jpeg,0,1
train,C:\Users\raghu\datasets\skin\SkinDisease\train\Lupus\lupus-chronic-cutaneous-12.jpeg,train,C:\Users\raghu\datasets\skin\SkinDisease\train\Lupus\lupus-chronic-cutaneous-13.jpeg,0,1
train,C:\Users\raghu\datasets\skin\SkinDisease\train\Lupus\lupus-sc4__ProtectWyJQcm90ZWN0Il0_FocusFillWzI5NCwyMjIsIngiLDIzXQ.jpeg,train,C:\Users\raghu\datasets\skin\SkinDisease\train\Lupus\subacute-lupus-06__ProtectWyJQcm90ZWN0Il0_FocusFillWzI5NCwyMjIsIngiLDIzXQ.JPG.jpeg,0,1
train,C:\Users\raghu\datasets\skin\SkinDisease\train\Lupus\subacute-lupus-08__ProtectWyJQcm90ZWN0Il0_FocusFillWzI5NCwyMjIsIngiLDFd.JPG.jpeg,train,C:\Users\raghu\datasets\skin\SkinDisease\train\Lupus\subacute-lupus-9__ProtectWyJQcm90ZWN0Il0_FocusFillWzI5NCwyMjIsIngiLDFd.JPG.jpeg,0,1
train,C:\Users\raghu\datasets\skin\SkinDisease\train\SkinCancer\basal-cell-carcinoma-lesion-56.jpeg,train,C:\Users\raghu\datasets\skin\SkinDisease\train\SkinCancer\basal-cell-carcinoma-superficial-28.jpeg,0,1
train,C:\Users\raghu\datasets\skin\SkinDisease\train\SkinCancer\basal-cell-carcinoma-lesion-60.jpeg,train,C:\Users\raghu\datasets\skin\SkinDisease\train\SkinCancer\basal-cell-carcinoma-lesion-86.jpeg,0,1
train,C:\Users\raghu\datasets\skin\SkinDisease\train\SkinCancer\basal-cell-carcinoma-lesion-71.jpeg,train,C:\Users\raghu\datasets\skin\SkinDisease\train\SkinCancer\basal-cell-carcinoma-lesion-72.jpeg,0,1
train,C:\Users\raghu\datasets\skin\SkinDisease\train\SkinCancer\basal-cell-carcinoma-lesion-79.jpeg,train,C:\Users\raghu\datasets\skin\SkinDisease\train\SkinCancer\basal-cell-carcinoma-lesion-80.jpeg,0,1
train,C:\Users\raghu\datasets\skin\SkinDisease\train\SkinCancer\basal-cell-carcinoma-lid-16.jpeg,train,C:\Users\raghu\datasets\skin\SkinDisease\train\SkinCancer\basal-cell-carcinoma-lid-17.jpeg,0,1
train,C:\Users\raghu\datasets\skin\SkinDisease\train\SkinCancer\basal-cell-carcinoma-lid-29.jpeg,train,C:\Users\raghu\datasets\skin\SkinDisease\train\SkinCancer\basal-cell-carcinoma-lid-30.jpeg,0,1
train,C:\Users\raghu\datasets\skin\SkinDisease\train\SkinCancer\basal-cell-carcinoma-lip-27.jpeg,train,C:\Users\raghu\datasets\skin\SkinDisease\train\SkinCancer\basal-cell-carcinoma-lip-28.jpeg,0,1
train,C:\Users\raghu\datasets\skin\SkinDisease\train\SkinCancer\basal-cell-carcinoma-pigmented-30.jpeg,train,C:\Users\raghu\datasets\skin\SkinDisease\train\SkinCancer\basal-cell-carcinoma-pigmented-31.jpeg,0,1
train,C:\Users\raghu\datasets\skin\SkinDisease\train\SkinCancer\basal-cell-carcinoma-pigmented-45.jpeg,train,C:\Users\raghu\datasets\skin\SkinDisease\train\SkinCancer\basal-cell-carcinoma-pigmented-46.jpeg,0,1
train,C:\Users\raghu\datasets\skin\SkinDisease\train\SkinCancer\basal-cell-carcinoma-pigmented-57.jpeg,train,C:\Users\raghu\datasets\skin\SkinDisease\train\SkinCancer\basal-cell-carcinoma-superficial-39.jpeg,0,1
train,C:\Users\raghu\datasets\skin\SkinDisease\train\SkinCancer\basal-cell-carcinoma-scalp-8.jpeg,train,C:\Users\raghu\datasets\skin\SkinDisease\train\SkinCancer\basal-cell-nevus-syndrome-18.jpeg,0,1
train,C:\Users\raghu\datasets\skin\SkinDisease\train\SkinCancer\basal-cell-carcinoma-superficial-12.jpeg,train,C:\Users\raghu\datasets\skin\SkinDisease\train\SkinCancer\basal-cell-carcinoma-superficial-13.jpeg,0,1
train,C:\Users\raghu\datasets\skin\SkinDisease\train\SkinCancer\basal-cell-carcinoma-superficial-40.jpeg,train,C:\Users\raghu\datasets\skin\SkinDisease\train\Warts\warts-cryotherapy-10.jpeg,0,0
train,C:\Users\raghu\datasets\skin\SkinDisease\train\SkinCancer\ctcl-27.jpeg,train,C:\Users\raghu\datasets\skin\SkinDisease\train\SkinCancer\ctcl-29.jpeg,0,1
train,C:\Users\raghu\datasets\skin\SkinDisease\train\SkinCancer\ctcl-48.jpeg,train,C:\Users\raghu\datasets\skin\SkinDisease\train\SkinCancer\ctcl-49.jpeg,0,1
train,C:\Users\raghu\datasets\skin\SkinDisease\train\SkinCancer\ctcl-54.jpeg,train,C:\Users\raghu\datasets\skin\SkinDisease\train\SkinCancer\ctcl-55.jpeg,0,1
train,C:\Users\raghu\datasets\skin\SkinDisease\train\SkinCancer\malignant-melanoma-11.jpeg,train,C:\Users\raghu\datasets\skin\SkinDisease\train\SkinCancer\malignant-melanoma-95.jpeg,0,1
train,C:\Users\raghu\datasets\skin\SkinDisease\train\SkinCancer\melanoma-mimic-21.jpeg,train,C:\Users\raghu\datasets\skin\SkinDisease\train\SkinCancer\melanoma-mimic-23.jpeg,0,1
train,C:\Users\raghu\datasets\skin\SkinDisease\train\Vasculitis\atrophy-blanche-1.jpeg,train,C:\Users\raghu\datasets\skin\SkinDisease\train\Actinic_Keratosis\PAT_1282_978_328.png,0,0
train,C:\Users\raghu\datasets\skin\SkinDisease\train\Vasculitis\vasculitis-33.jpeg,train,C:\Users\raghu\datasets\skin\SkinDisease\train\Vasculitis\vasculitis-34.jpeg,0,1
train,C:\Users\raghu\datasets\skin\SkinDisease\train\Vasculitis\vasculitis-59.jpeg,train,C:\Users\raghu\datasets\skin\SkinDisease\train\Actinic_Keratosis\images139.jpeg,0,0
train,C:\Users\raghu\datasets\skin\SkinDisease\train\Warts\12wartsMouth4975.jpeg,train,C:\Users\raghu\datasets\skin\SkinDisease\train\Warts\warts-mouth-4.jpeg,0,1
train,C:\Users\raghu\datasets\skin\SkinDisease\train\Warts\warts-1.jpeg,train,C:\Users\raghu\datasets\skin\SkinDisease\train\Warts\warts-mouth-1.jpeg,0,1
train,C:\Users\raghu\datasets\skin\SkinDisease\train\Warts\warts-common-33.jpeg,train,C:\Users\raghu\datasets\skin\SkinDisease\train\Warts\warts-periungual-6.jpeg,0,1
train,C:\Users\raghu\datasets\skin\SkinDisease\train\Warts\warts-common-35.jpeg,train,C:\Users\raghu\datasets\skin\SkinDisease\train\Warts\warts-common-36.jpeg,0,1
train,C:\Users\raghu\datasets\skin\SkinDisease\train\Warts\warts-common-51.jpeg,train,C:\Users\raghu\datasets\skin\SkinDisease\train\Warts\warts-flat-47.jpeg,0,1
train,C:\Users\raghu\datasets\skin\SkinDisease\train\Warts\warts-common-53.jpeg,train,C:\Users\raghu\datasets\skin\SkinDisease\train\Warts\warts-flat-48.jpeg,0,1
train,C:\Users\raghu\datasets\skin\SkinDisease\train\Warts\warts-common-54.jpeg,train,C:\Users\raghu\datasets\skin\SkinDisease\train\Warts\warts-flat-49.jpeg,0,1
train,C:\Users\raghu\datasets\skin\SkinDisease\train\Warts\warts-cryotherapy-1.jpeg,train,C:\Users\raghu\datasets\skin\SkinDisease\train\Warts\warts-cryotherapy-8.jpeg,0,1
train,C:\Users\raghu\datasets\skin\SkinDisease\train\Warts\warts-cryotherapy-7.jpeg,train,C:\Users\raghu\datasets\skin\SkinDisease\train\SkinCancer\basal-cell-carcinoma-superficial-40.jpeg,0,0
train,C:\Users\raghu\datasets\skin\SkinDisease\train\Warts\warts-digitate-21.jpeg,train,C:\Users\raghu\datasets\skin\SkinDisease\train\Warts\warts-oral-8.jpeg,0,1
train,C:\Users\raghu\datasets\skin\SkinDisease\train\Warts\warts-digitate-22.jpeg,train,C:\Users\raghu\datasets\skin\SkinDisease\train\Warts\warts-digitate-3.jpeg,0,1
train,C:\Users\raghu\datasets\skin\SkinDisease\train\Warts\warts-flat-10.jpeg,train,C:\Users\raghu\datasets\skin\SkinDisease\train\Warts\warts-flat-11.jpeg,0,1
train,C:\Users\raghu\datasets\skin\SkinDisease\train\Warts\warts-flat-13.jpeg,train,C:\Users\raghu\datasets\skin\SkinDisease\train\Warts\warts-flat-39.jpeg,0,1
train,C:\Users\raghu\datasets\skin\SkinDisease\train\Warts\warts-flat-50.jpeg,train,C:\Users\raghu\datasets\skin\SkinDisease\train\Warts\warts-common-54.jpeg,0,1
train,C:\Users\raghu\datasets\skin\SkinDisease\train\Warts\warts-flat-68.jpeg,train,C:\Users\raghu\datasets\skin\SkinDisease\train\Actinic_Keratosis\PAT_1282_978_328.png,0,0
train,C:\Users\raghu\datasets\skin\SkinDisease\train\Warts\warts-immunocompromised-11.jpeg,train,C:\Users\raghu\datasets\skin\SkinDisease\train\Warts\warts-oral-9.jpeg,0,1
train,C:\Users\raghu\datasets\skin\SkinDisease\train\Warts\warts-immunocompromised-9.jpeg,train,C:\Users\raghu\datasets\skin\SkinDisease\train\Warts\warts-oral-7.jpeg,0,1
train,C:\Users\raghu\datasets\skin\SkinDisease\train\Warts\warts-plantar-109.jpeg,train,C:\Users\raghu\datasets\skin\SkinDisease\train\Warts\warts-plantar-110.jpeg,0,1
train,C:\Users\raghu\datasets\skin\SkinDisease\train\Warts\warts-plantar-70.jpeg,train,C:\Users\raghu\datasets\skin\SkinDisease\train\Warts\warts-plantar-71.jpeg,0,1
train,C:\Users\raghu\datasets\skin\SkinDisease\train\Warts\warts-plantar-88.jpeg,train,C:\Users\raghu\datasets\skin\SkinDisease\train\Warts\warts-common-35.jpeg,0,1
train,C:\Users\raghu\datasets\skin\SkinDisease\train\Warts\warts-plantar-90.jpeg,train,C:\Users\raghu\datasets\skin\SkinDisease\train\Warts\warts-common-33.jpeg,0,1
train,C:\Users\raghu\datasets\skin\SkinDisease\train\Warts\warts-treatment-3.jpeg,train,C:\Users\raghu\datasets\skin\SkinDisease\train\Warts\warts-immunocompromised-9.jpeg,0,1
valid,C:\Users\raghu\datasets\skin\SkinDisease\valid\Acne\07Acne081101.jpeg,valid,C:\Users\raghu\datasets\skin\SkinDisease\valid\Acne\acne-cystic-12.jpeg,0,1
valid,C:\Users\raghu\datasets\skin\SkinDisease\valid\Acne\acne-closed-comedo-14.jpeg,valid,C:\Users\raghu\datasets\skin\SkinDisease\valid\Eczema\05AtopicPapules.jpeg,0,0
valid,C:\Users\raghu\datasets\skin\SkinDisease\valid\Actinic_Keratosis\PAT_1547_1876_839.png,valid,C:\Users\raghu\datasets\skin\SkinDisease\valid\Eczema\05AtopicPapules.jpeg,0,0
valid,C:\Users\raghu\datasets\skin\SkinDisease\valid\Benign_tumors\chondrodermatitis-nodularis-5.jpeg,valid,C:\Users\raghu\datasets\skin\SkinDisease\valid\Benign_tumors\chondrodermatitis-nodularis-74.jpeg,0,1
valid,C:\Users\raghu\datasets\skin\SkinDisease\valid\Benign_tumors\dermatofibroma-45.jpeg,valid,C:\Users\raghu\datasets\skin\SkinDisease\valid\Benign_tumors\dermatofibroma-51.jpeg,0,1
valid,C:\Users\raghu\datasets\skin\SkinDisease\valid\Benign_tumors\dermatofibroma-86.jpeg,valid,C:\Users\raghu\datasets\skin\SkinDisease\valid\Benign_tumors\dermatofibroma-87.jpeg,0,1
valid,C:\Users\raghu\datasets\skin\SkinDisease\valid\Eczema\05AtopicDermHand.jpeg,valid,C:\Users\raghu\datasets\skin\SkinDisease\valid\Eczema\05AtopicHand.jpeg,0,1
valid,C:\Users\raghu\datasets\skin\SkinDisease\valid\Eczema\05AtopicDermHand1.jpeg,valid,C:\Users\raghu\datasets\skin\SkinDisease\valid\Eczema\05AtopicHand1q.jpeg,0,1
valid,C:\Users\raghu\datasets\skin\SkinDisease\valid\Eczema\05AtopicFace1.jpeg,valid,C:\Users\raghu\datasets\skin\SkinDisease\valid\Eczema\05AtopicFace14.jpeg,0,1
valid,C:\Users\raghu\datasets\skin\SkinDisease\valid\Eczema\05AtopicFace2.jpeg,valid,C:\Users\raghu\datasets\skin\SkinDisease\valid\Eczema\05AtopicFace28.jpeg,0,1
valid,C:\Users\raghu\datasets\skin\SkinDisease\valid\Eczema\05AtopicHandq.jpeg,valid,C:\Users\raghu\datasets\skin\SkinDisease\valid\Eczema\05AtopicDermHand.jpeg,0,1
valid,C:\Users\raghu\datasets\skin\SkinDisease\valid\Eczema\05AtopicWrist.jpeg,valid,C:\Users\raghu\datasets\skin\SkinDisease\valid\Eczema\05AtopicWristq.jpeg,0,1
valid,C:\Users\raghu\datasets\skin\SkinDisease\valid\Eczema\05atopicChild0828062.jpeg,valid,C:\Users\raghu\datasets\skin\SkinDisease\valid\Eczema\05atopicWrist0828064.jpeg,0,1
valid,C:\Users\raghu\datasets\skin\SkinDisease\valid\Lupus\2515__ProtectWyJQcm90ZWN0Il0_FocusFillWzI5NCwyMjIsInkiLDM2XQ.jpeg,valid,C:\Users\raghu\datasets\skin\SkinDisease\valid\Lupus\dle-scalp2__ProtectWyJQcm90ZWN0Il0_FocusFillWzI5NCwyMjIsInkiLDM2XQ.jpeg,0,1
valid,C:\Users\raghu\datasets\skin\SkinDisease\valid\Lupus\2558__ProtectWyJQcm90ZWN0Il0_FocusFillWzI5NCwyMjIsInkiLDZd.jpeg,valid,C:\Users\raghu\datasets\skin\SkinDisease\valid\Lupus\dle-lip__ProtectWyJQcm90ZWN0Il0_FocusFillWzI5NCwyMjIsInkiLDZd.jpeg,0,1
valid,C:\Users\raghu\datasets\skin\SkinDisease\valid\Lupus\2560__ProtectWyJQcm90ZWN0Il0_FocusFillWzI5NCwyMjIsInkiLDZd.jpeg,valid,C:\Users\raghu\datasets\skin\SkinDisease\valid\Lupus\discoid-lupus-03__ProtectWyJQcm90ZWN0Il0_FocusFillWzI5NCwyMjIsInkiLDZd.jpeg,0,1
valid,C:\Users\raghu\datasets\skin\SkinDisease\valid\Vasculitis\erythema-multiforme-118.jpeg,valid,C:\Users\raghu\datasets\skin\SkinDisease\valid\Vasculitis\erythema-multiforme-119.jpeg,0,1
valid,C:\Users\raghu\datasets\skin\SkinDisease\valid\Vasculitis\erythema-multiforme-131.jpeg,valid,C:\Users\raghu\datasets\skin\SkinDisease\valid\Vasculitis\erythema-multiforme-132.jpeg,0,1
valid,C:\Users\raghu\datasets\skin\SkinDisease\valid\Vasculitis\erythema-multiforme-134.jpeg,valid,C:\Users\raghu\datasets\skin\SkinDisease\valid\Vasculitis\erythema-multiforme-135.jpeg,0,1
valid,C:\Users\raghu\datasets\skin\SkinDisease\valid\Warts\genital-warts-29.jpeg,valid,C:\Users\raghu\datasets\skin\SkinDisease\valid\Actinic_Keratosis\PAT_1547_1876_839.png,0,0
valid,C:\Users\raghu\datasets\skin\SkinDisease\valid\Acne\acne-closed-comedo-13.jpeg,train,C:\Users\raghu\datasets\skin\SkinDisease\train\Acne\acne-pustular-47.jpeg,1,1
valid,C:\Users\raghu\datasets\skin\SkinDisease\valid\Acne\acne-closed-comedo-24.jpeg,train,C:\Users\raghu\datasets\skin\SkinDisease\train\Benign_tumors\leiomyomata-7.jpeg,1,0
valid,C:\Users\raghu\datasets\skin\SkinDisease\valid\Acne\acne-cystic-52.jpeg,train,C:\Users\raghu\datasets\skin\SkinDisease\train\Acne\acne-cystic-136.jpeg,1,1
valid,C:\Users\raghu\datasets\skin\SkinDisease\valid\Actinic_Keratosis\307__ProtectWyJQcm90ZWN0Il0_FocusFillWzI5NCwyMjIsInkiLDg1XQ.jpeg,train,C:\Users\raghu\datasets\skin\SkinDisease\train\Vasculitis\vasculitis-49.jpeg,1,0
valid,C:\Users\raghu\datasets\skin\SkinDisease\valid\Actinic_Keratosis\528__ProtectWyJQcm90ZWN0Il0_FocusFillWzI5NCwyMjIsIngiLDFd.jpeg,train,C:\Users\raghu\datasets\skin\SkinDisease\train\Actinic_Keratosis\images139.jpeg,1,1
valid,C:\Users\raghu\datasets\skin\SkinDisease\valid\Actinic_Keratosis\PAT_1722_3214_672.png,train,C:\Users\raghu\datasets\skin\SkinDisease\train\Benign_tumors\neurofibromas-13.jpeg,1,0
valid,C:\Users\raghu\datasets\skin\SkinDisease\valid\Benign_tumors\dermatofibroma-7.jpeg,train,C:\Users\raghu\datasets\skin\SkinDisease\train\Actinic_Keratosis\PAT_1282_978_328.png,1,0
valid,C:\Users\raghu\datasets\skin\SkinDisease\valid\Benign_tumors\dermatofibroma-70.jpeg,train,C:\Users\raghu\datasets\skin\SkinDisease\train\Acne\acne-open-comedo-12.jpeg,1,0
valid,C:\Users\raghu\datasets\skin\SkinDisease\valid\Eczema\05Atopic12060422.jpeg,train,C:\Users\raghu\datasets\skin\SkinDisease\train\Eczema\eczema-asteatotic-35.jpeg,1,1
valid,C:\Users\raghu\datasets\skin\SkinDisease\valid\Eczema\05atopicChild0828063.jpeg,train,C:\Users\raghu\datasets\skin\SkinDisease\train\Lupus\lupus-acute-36.jpeg,1,0
valid,C:\Users\raghu\datasets\skin\SkinDisease\valid\Lupus\2527__ProtectWyJQcm90ZWN0Il0_FocusFillWzI5NCwyMjIsInkiLDM2XQ.jpeg,train,C:\Users\raghu\datasets\skin\SkinDisease\train\Lupus\lupus-chilb__ProtectWyJQcm90ZWN0Il0_FocusFillWzI5NCwyMjIsInkiLDM2XQ.jpeg,1,1
valid,C:\Users\raghu\datasets\skin\SkinDisease\valid\Lupus\2530__ProtectWyJQcm90ZWN0Il0_FocusFillWzI5NCwyMjIsIngiLDE4XQ.jpeg,train,C:\Users\raghu\datasets\skin\SkinDisease\train\Lupus\subacute-lupus-05__ProtectWyJQcm90ZWN0Il0_FocusFillWzI5NCwyMjIsIngiLDE4XQ.JPG.jpeg,1,1
valid,C:\Users\raghu\datasets\skin\SkinDisease\valid\Lupus\2566__ProtectWyJQcm90ZWN0Il0_FocusFillWzI5NCwyMjIsIngiLDFd.jpeg,train,C:\Users\raghu\datasets\skin\SkinDisease\train\Vasculitis\erythema-nodosum-15.jpeg,1,0
valid,C:\Users\raghu\datasets\skin\SkinDisease\valid\Vasculitis\erythema-multiforme-101.jpeg,train,C:\Users\raghu\datasets\skin\SkinDisease\train\Vasculitis\erythema-nodosum-15.jpeg,1,1
test,C:\Users\raghu\datasets\skin\SkinDisease\test\Acne\acne-cystic-104.jpeg,train,C:\Users\raghu\datasets\skin\SkinDisease\train\Actinic_Keratosis\images199.jpeg,1,0
test,C:\Users\raghu\datasets\skin\SkinDisease\test\Actinic_Keratosis\295__ProtectWyJQcm90ZWN0Il0_FocusFillWzI5NCwyMjIsIngiLDFd.jpeg,train,C:\Users\raghu\datasets\skin\SkinDisease\train\Actinic_Keratosis\images199.jpeg,1,1
test,C:\Users\raghu\datasets\skin\SkinDisease\test\Actinic_Keratosis\425__ProtectWyJQcm90ZWN0Il0_FocusFillWzI5NCwyMjIsIngiLDFd.jpeg,train,C:\Users\raghu\datasets\skin\SkinDisease\train\Actinic_Keratosis\images245.jpeg,1,1
test,C:\Users\raghu\datasets\skin\SkinDisease\test\Actinic_Keratosis\457__ProtectWyJQcm90ZWN0Il0_FocusFillWzI5NCwyMjIsIngiLDFd.jpeg,train,C:\Users\raghu\datasets\skin\SkinDisease\train\Actinic_Keratosis\actinic-keratosis-face-56.jpeg,1,1
test,C:\Users\raghu\datasets\skin\SkinDisease\test\Actinic_Keratosis\actinicKeratosisSolarKeratosis_51768_lg.jpeg,train,C:\Users\raghu\datasets\skin\SkinDisease\train\Actinic_Keratosis\image19.jpeg,1,1
test,C:\Users\raghu\datasets\skin\SkinDisease\test\Actinic_Keratosis\images236.jpeg,train,C:\Users\raghu\datasets\skin\SkinDisease\train\Actinic_Keratosis\images139.jpeg,1,1
test,C:\Users\raghu\datasets\skin\SkinDisease\test\Benign_tumors\dermatofibroma-58.jpeg,train,C:\Users\raghu\datasets\skin\SkinDisease\train\Acne\acne-open-comedo-12.jpeg,1,0
test,C:\Users\raghu\datasets\skin\SkinDisease\test\Lupus\lupus-chronic-cutaneous-138.jpeg,train,C:\Users\raghu\datasets\skin\SkinDisease\train\Lupus\lupus-chronic-cutaneous-123.jpeg,1,1
test,C:\Users\raghu\datasets\skin\SkinDisease\test\SkinCancer\basal-cell-carcinoma-superficial-31.jpeg,train,C:\Users\raghu\datasets\skin\SkinDisease\train\SkinCancer\basal-cell-carcinoma-superficial-40.jpeg,1,1
test,C:\Users\raghu\datasets\skin\SkinDisease\test\Warts\genital-warts-83.jpeg,train,C:\Users\raghu\datasets\skin\SkinDisease\train\Warts\genital-warts-133.jpeg,1,1
test,C:\Users\raghu\datasets\skin\SkinDisease\test\Actinic_Keratosis\PAT_1993_4076_174.png,valid,C:\Users\raghu\datasets\skin\SkinDisease\valid\Actinic_Keratosis\PAT_1547_1876_839.png,1,1
test,C:\Users\raghu\datasets\skin\SkinDisease\test\Actinic_Keratosis\images236.jpeg,valid,C:\Users\raghu\datasets\skin\SkinDisease\valid\Acne\acne-closed-comedo-003.jpeg,1,0
test,C:\Users\raghu\datasets\skin\SkinDisease\test\Benign_tumors\dermatofibroma-58.jpeg,valid,C:\Users\raghu\datasets\skin\SkinDisease\valid\Benign_tumors\07GiantComedone.jpeg,1,1
test,C:\Users\raghu\datasets\skin\SkinDisease\test\Eczema\05AtopicPop.jpeg,valid,C:\Users\raghu\datasets\skin\SkinDisease\valid\Eczema\05Atopic12060425.jpeg,1,1
test,C:\Users\raghu\datasets\skin\SkinDisease\test\Acne\acne-face-4-2__ProtectWyJQcm90ZWN0Il0_FocusFillWzI5NCwyMjIsIngiLDFd.jpeg,test,C:\Users\raghu\datasets\skin\SkinDisease\test\Actinic_Keratosis\images236.jpeg,1,0
test,C:\Users\raghu\datasets\skin\SkinDisease\test\Actinic_Keratosis\PAT_1993_4076_174.png,test,C:\Users\raghu\datasets\skin\SkinDisease\test\Benign_tumors\connective-tissue-nevus-1.jpeg,1,0
test,C:\Users\raghu\datasets\skin\SkinDisease\test\Benign_tumors\porokeratosis-12.jpeg,test,C:\Users\raghu\datasets\skin\SkinDisease\test\Benign_tumors\porokeratosis-14.jpeg,1,1
test,C:\Users\raghu\datasets\skin\SkinDisease\test\Eczema\05AtopicPop.jpeg,test,C:\Users\raghu\datasets\skin\SkinDisease\test\SkinCancer\ctcl-110.jpeg,1,0
train,C:\Users\raghu\datasets\skin\SkinDisease\train\Acne\acne-face-1-28__ProtectWyJQcm90ZWN0Il0_FocusFillWzI5NCwyMjIsIngiLDFd.jpeg,train,C:\Users\raghu\datasets\skin\SkinDisease\train\Acne\acne-face-1-28__WatermarkedWyJXYXRlcm1hcmtlZCJd (1).jpeg,1,1
train,C:\Users\raghu\datasets\skin\SkinDisease\train\Acne\acne-face-19__ProtectWyJQcm90ZWN0Il0_FocusFillWzI5NCwyMjIsIngiLDE4XQ.jpeg,train,C:\Users\raghu\datasets\skin\SkinDisease\train\SkinCancer\ctcl-6.jpeg,1,0
train,C:\Users\raghu\datasets\skin\SkinDisease\train\Acne\acne-face-68__ProtectWyJQcm90ZWN0Il0_FocusFillWzI5NCwyMjIsIngiLDFd.jpeg,train,C:\Users\raghu\datasets\skin\SkinDisease\train\Warts\warts-flat-66.jpeg,1,0
train,C:\Users\raghu\datasets\skin\SkinDisease\train\Actinic_Keratosis\135213399.jpeg,train,C:\Users\raghu\datasets\skin\SkinDisease\train\Actinic_Keratosis\images196.jpeg,1,1
train,C:\Users\raghu\datasets\skin\SkinDisease\train\Actinic_Keratosis\3754__ProtectWyJQcm90ZWN0Il0_FocusFillWzI5NCwyMjIsIngiLDFd.jpeg,train,C:\Users\raghu\datasets\skin\SkinDisease\train\Eczema\eczema-asteatotic-30.jpeg,1,0
train,C:\Users\raghu\datasets\skin\SkinDisease\train\Actinic_Keratosis\AXBN7E.width-320.jpeg,train,C:\Users\raghu\datasets\skin\SkinDisease\train\Actinic_Keratosis\images197.jpeg,1,1
train,C:\Users\raghu\datasets\skin\SkinDisease\train\Actinic_Keratosis\Actinic-Keratosis-AK-12-forehead-ICD-10-L57.0.jpeg,train,C:\Users\raghu\datasets\skin\SkinDisease\train\Actinic_Keratosis\images208.jpeg,1,1
train,C:\Users\raghu\datasets\skin\SkinDisease\train\Actinic_Keratosis\PAT_180_756_831.png,train,C:\Users\raghu\datasets\skin\SkinDisease\train\Actinic_Keratosis\PAT_1282_978_328.png,1,1
train,C:\Users\raghu\datasets\skin\SkinDisease\train\Actinic_Keratosis\actinic-keratosis-hand-7.jpeg,train,C:\Users\raghu\datasets\skin\SkinDisease\train\Actinic_Keratosis\images180.jpeg,1,1
train,C:\Users\raghu\datasets\skin\SkinDisease\train\Actinic_Keratosis\actinic-keratosis2.jpeg,train,C:\Users\raghu\datasets\skin\SkinDisease\train\Actinic_Keratosis\image12.jpeg,1,1
train,C:\Users\raghu\datasets\skin\SkinDisease\train\Actinic_Keratosis\actinicKeratosisSolarKeratosis_51755_lg.jpeg,train,C:\Users\raghu\datasets\skin\SkinDisease\train\Actinic_Keratosis\images18.jpeg,1,1
train,C:\Users\raghu\datasets\skin\SkinDisease\train\Actinic_Keratosis\actinickeratossis.jpeg,train,C:\Users\raghu\datasets\skin\SkinDisease\train\Actinic_Keratosis\image25.jpeg,1,1
train,C:\Users\raghu\datasets\skin\SkinDisease\train\Actinic_Keratosis\dcc-actinic-keratosis-face-300x280.jpeg,train,C:\Users\raghu\datasets\skin\SkinDisease\train\Actinic_Keratosis\images49.jpeg,1,1
train,C:\Users\raghu\datasets\skin\SkinDisease\train\Actinic_Keratosis\images199.jpeg,train,C:\Users\raghu\datasets\skin\SkinDisease\train\Actinic_Keratosis\images139.jpeg,1,1
train,C:\Users\raghu\datasets\skin\SkinDisease\train\Actinic_Keratosis\images201.jpeg,train,C:\Users\raghu\datasets\skin\SkinDisease\train\Actinic_Keratosis\images40.jpeg,1,1
train,C:\Users\raghu\datasets\skin\SkinDisease\train\Actinic_Keratosis\images224.jpeg,train,C:\Users\raghu\datasets\skin\SkinDisease\train\Benign_tumors\epidermal-nevus-27.jpeg,1,0
train,C:\Users\raghu\datasets\skin\SkinDisease\train\Benign_tumors\epidermal-cyst-139.jpeg,train,C:\Users\raghu\datasets\skin\SkinDisease\train\Warts\warts-flat-26.jpeg,1,0
train,C:\Users\raghu\datasets\skin\SkinDisease\train\Benign_tumors\epidermal-cyst-154.jpeg,train,C:\Users\raghu\datasets\skin\SkinDisease\train\Actinic_Keratosis\PAT_1282_978_328.png,1,0
train,C:\Users\raghu\datasets\skin\SkinDisease\train\Benign_tumors\epidermal-nevus-1.jpeg,train,C:\Users\raghu\datasets\skin\SkinDisease\train\Benign_tumors\epidermal-nevus-22.jpeg,1,1
train,C:\Users\raghu\datasets\skin\SkinDisease\train\Benign_tumors\epidermal-nevus-17.jpeg,train,C:\Users\raghu\datasets\skin\SkinDisease\train\Benign_tumors\epidermal-nevus-4.jpeg,1,1
train,C:\Users\raghu\datasets\skin\SkinDisease\train\Benign_tumors\epidermal-nevus-20.jpeg,train,C:\Users\raghu\datasets\skin\SkinDisease\train\Benign_tumors\epidermal-nevus-5.jpeg,1,1
train,C:\Users\raghu\datasets\skin\SkinDisease\train\Benign_tumors\epidermal-nevus-71.jpeg,train,C:\Users\raghu\datasets\skin\SkinDisease\train\Eczema\eczema-asteatotic-35.jpeg,1,0
train,C:\Users\raghu\datasets\skin\SkinDisease\train\Benign_tumors\keratoacanthoma-166.jpeg,train,C:\Users\raghu\datasets\skin\SkinDisease\train\SkinCancer\basal-cell-carcinoma-lesion-55.jpeg,1,0
train,C:\Users\raghu\datasets\skin\SkinDisease\train\Benign_tumors\leiomyomata-6.jpeg,train,C:\Users\raghu\datasets\skin\SkinDisease\train\Actinic_Keratosis\PAT_180_756_831.png,1,0
train,C:\Users\raghu\datasets\skin\SkinDisease\train\Benign_tumors\neurofibromas-16.jpeg,train,C:\Users\raghu\datasets\skin\SkinDisease\train\Benign_tumors\syringoma-14.jpeg,1,1
train,C:\Users\raghu\datasets\skin\SkinDisease\train\Benign_tumors\neurofibromas-8.jpeg,train,C:\Users\raghu\datasets\skin\SkinDisease\train\Warts\warts-flat-17.jpeg,1,0
train,C:\Users\raghu\datasets\skin\SkinDisease\train\Benign_tumors\pilar-cyst-49.jpeg,train,C:\Users\raghu\datasets\skin\SkinDisease\train\Benign_tumors\epidermal-nevus-27.jpeg,1,1
train,C:\Users\raghu\datasets\skin\SkinDisease\train\Benign_tumors\porokeratosis-5.jpeg,train,C:\Users\raghu\datasets\skin\SkinDisease\train\Actinic_Keratosis\images199.jpeg,1,0
train,C:\Users\raghu\datasets\skin\SkinDisease\train\Benign_tumors\sebaceous-hyperplasia-101.jpeg,train,C:\Users\raghu\datasets\skin\SkinDisease\train\Benign_tumors\sebaceous-hyperplasia-32.jpeg,1,1
train,C:\Users\raghu\datasets\skin\SkinDisease\train\Eczema\eczema-asteatotic-42.jpeg,train,C:\Users\raghu\datasets\skin\SkinDisease\train\Warts\warts-common-63.jpeg,1,0
train,C:\Users\raghu\datasets\skin\SkinDisease\train\Eczema\eczema-asteatotic-48.jpeg,train,C:\Users\raghu\datasets\skin\SkinDisease\train\Eczema\eczema-nummular-191.jpeg,1,1
train,C:\Users\raghu\datasets\skin\SkinDisease\train\Eczema\eczema-asteatotic-49.jpeg,train,C:\Users\raghu\datasets\skin\SkinDisease\train\Benign_tumors\syringoma-14.jpeg,1,0
train,C:\Users\raghu\datasets\skin\SkinDisease\train\Eczema\eczema-asteatotic-54.jpeg,train,C:\Users\raghu\datasets\skin\SkinDisease\train\Benign_tumors\porokeratosis-5.jpeg,1,0
train,C:\Users\raghu\datasets\skin\SkinDisease\train\Eczema\eczema-chronic-11.jpeg,train,C:\Users\raghu\datasets\skin\SkinDisease\train\Eczema\eczema-fingertips-3.jpeg,1,1
train,C:\Users\raghu\datasets\skin\SkinDisease\train\Eczema\eczema-fingertips-104.jpeg,train,C:\Users\raghu\datasets\skin\SkinDisease\train\Actinic_Keratosis\images199.jpeg,1,0
train,C:\Users\raghu\datasets\skin\SkinDisease\train\Eczema\eczema-leg-21.jpeg,train,C:\Users\raghu\datasets\skin\SkinDisease\train\Vasculitis\vasculitis-35.jpeg,1,0
train,C:\Users\raghu\datasets\skin\SkinDisease\train\Eczema\eczema-nummular-168.jpeg,train,C:\Users\raghu\datasets\skin\SkinDisease\train\Eczema\eczema-nummular-198.jpeg,1,1
train,C:\Users\raghu\datasets\skin\SkinDisease\train\Eczema\eczema-nummular-184.jpeg,train,C:\Users\raghu\datasets\skin\SkinDisease\train\Warts\warts-flat-66.jpeg,1,0
train,C:\Users\raghu\datasets\skin\SkinDisease\train\SkinCancer\284.jpg,train,C:\Users\raghu\datasets\skin\SkinDisease\train\SkinCancer\285.jpg,1,1
train,C:\Users\raghu\datasets\skin\SkinDisease\train\SkinCancer\basal-cell-carcinoma-lesion-62.jpeg,train,C:\Users\raghu\datasets\skin\SkinDisease\train\SkinCancer\basal-cell-carcinoma-lesion-63.jpeg,1,1
train,C:\Users\raghu\datasets\skin\SkinDisease\train\SkinCancer\basal-cell-carcinoma-lesion-64.jpeg,train,C:\Users\raghu\datasets\skin\SkinDisease\train\SkinCancer\basal-cell-carcinoma-lesion-55.jpeg,1,1
train,C:\Users\raghu\datasets\skin\SkinDisease\train\SkinCancer\basal-cell-carcinoma-lesion-70.jpeg,train,C:\Users\raghu\datasets\skin\SkinDisease\train\SkinCancer\basal-cell-carcinoma-lesion-64.jpeg,1,1
train,C:\Users\raghu\datasets\skin\SkinDisease\train\SkinCancer\basal-cell-carcinoma-superficial-33.jpeg,train,C:\Users\raghu\datasets\skin\SkinDisease\train\Warts\warts-common-22.jpeg,1,0
train,C:\Users\raghu\datasets\skin\SkinDisease\train\SkinCancer\ctcl-107.jpeg,train,C:\Users\raghu\datasets\skin\SkinDisease\train\Vasculitis\vasculitis-58.jpeg,1,0
train,C:\Users\raghu\datasets\skin\SkinDisease\train\SkinCancer\ctcl-99.jpeg,train,C:\Users\raghu\datasets\skin\SkinDisease\train\Eczema\eczema-nummular-191.jpeg,1,0
train,C:\Users\raghu\datasets\skin\SkinDisease\train\Vasculitis\vasculitis-2.jpeg,train,C:\Users\raghu\datasets\skin\SkinDisease\train\Benign_tumors\keratoacanthoma-131.jpeg,1,0
train,C:\Users\raghu\datasets\skin\SkinDisease\train\Vasculitis\vasculitis-49.jpeg,train,C:\Users\raghu\datasets\skin\SkinDisease\train\Eczema\eczema-leg-21.jpeg,1,0
train,C:\Users\raghu\datasets\skin\SkinDisease\train\Warts\warts-common-22.jpeg,train,C:\Users\raghu\datasets\skin\SkinDisease\train\SkinCancer\basal-cell-carcinoma-lesion-64.jpeg,1,0
train,C:\Users\raghu\datasets\skin\SkinDisease\train\Warts\warts-common-3.jpeg,train,C:\Users\raghu\datasets\skin\SkinDisease\train\Warts\warts-flat-46.jpeg,1,1
train,C:\Users\raghu\datasets\skin\SkinDisease\train\Warts\warts-common-41.jpeg,train,C:\Users\raghu\datasets\skin\SkinDisease\train\SkinCancer\basal-cell-carcinoma-lesion-62.jpeg,1,0
train,C:\Users\raghu\datasets\skin\SkinDisease\train\Warts\warts-cryotherapy-9.jpeg,train,C:\Users\raghu\datasets\skin\SkinDisease\train\SkinCancer\basal-cell-carcinoma-superficial-40.jpeg,1,0
train,C:\Users\raghu\datasets\skin\SkinDisease\train\Warts\warts-plantar-27.jpeg,train,C:\Users\raghu\datasets\skin\SkinDisease\train\Actinic_Keratosis\PAT_1282_978_328.png,1,0
train,C:\Users\raghu\datasets\skin\SkinDisease\train\Warts\warts-plantar-77.jpeg,train,C:\Users\raghu\datasets\skin\SkinDisease\train\Warts\warts-treatment-1.jpeg,1,1
valid,C:\Users\raghu\datasets\skin\SkinDisease\valid\Actinic_Keratosis\PAT_1722_3214_672.png,valid,C:\Users\raghu\datasets\skin\SkinDisease\valid\Acne\acne-closed-comedo-14.jpeg,1,0
valid,C:\Users\raghu\datasets\skin\SkinDisease\valid\Benign_tumors\07GiantComedone.jpeg,valid,C:\Users\raghu\datasets\skin\SkinDisease\valid\Benign_tumors\dermatofibroma-70.jpeg,1,1
valid,C:\Users\raghu\datasets\skin\SkinDisease\valid\Benign_tumors\accessory-nipple-6.jpeg,valid,C:\Users\raghu\datasets\skin\SkinDisease\valid\Benign_tumors\dermatofibroma-70.jpeg,1,1
valid,C:\Users\raghu\datasets\skin\SkinDisease\valid\Benign_tumors\calcifying-epithelioma-4.jpeg,valid,C:\Users\raghu\datasets\skin\SkinDisease\valid\Benign_tumors\dermatofibroma-68.jpeg,1,1
valid,C:\Users\raghu\datasets\skin\SkinDisease\valid\Benign_tumors\cylindroma-1.jpeg,valid,C:\Users\raghu\datasets\skin\SkinDisease\valid\Acne\acne-closed-comedo-14.jpeg,1,0
valid,C:\Users\raghu\datasets\skin\SkinDisease\valid\Benign_tumors\dermatofibroma-59.jpeg,valid,C:\Users\raghu\datasets\skin\SkinDisease\valid\Benign_tumors\dermatofibroma-62.jpeg,1,1
valid,C:\Users\raghu\datasets\skin\SkinDisease\valid\Benign_tumors\dermatofibroma-63.jpeg,valid,C:\Users\raghu\datasets\skin\SkinDisease\valid\Benign_tumors\dermatofibroma-73.jpeg,1,1
valid,C:\Users\raghu\datasets\skin\SkinDisease\valid\Benign_tumors\dermatofibroma-7.jpeg,valid,C:\Users\raghu\datasets\skin\SkinDisease\valid\Actinic_Keratosis\PAT_1547_1876_839.png,1,0
valid,C:\Users\raghu\datasets\skin\SkinDisease\valid\Benign_tumors\dermatofibroma-80.jpeg,valid,C:\Users\raghu\datasets\skin\SkinDisease\valid\Benign_tumors\dermatofibroma-63.jpeg,1,1
valid,C:\Users\raghu\datasets\skin\SkinDisease\valid\Eczema\05Atopic.jpeg,valid,C:\Users\raghu\datasets\skin\SkinDisease\valid\Eczema\05Atopic2.jpeg,1,1
valid,C:\Users\raghu\datasets\skin\SkinDisease\valid\Lupus\2516__ProtectWyJQcm90ZWN0Il0_FocusFillWzI5NCwyMjIsInkiLDM2XQ.jpeg,valid,C:\Users\raghu\datasets\skin\SkinDisease\valid\Lupus\dle-scalp3__ProtectWyJQcm90ZWN0Il0_FocusFillWzI5NCwyMjIsInkiLDM2XQ.jpeg,1,1
valid,C:\Users\raghu\datasets\skin\SkinDisease\valid\Acne\acne-closed-comedo-11.jpeg,train,C:\Users\raghu\datasets\skin\SkinDisease\train\Benign_tumors\syringoma-12.jpeg,2,0
valid,C:\Users\raghu\datasets\skin\SkinDisease\valid\Acne\acne-closed-comedo-12.jpeg,train,C:\Users\raghu\datasets\skin\SkinDisease\train\Actinic_Keratosis\images139.jpeg,2,0
valid,C:\Users\raghu\datasets\skin\SkinDisease\valid\Acne\acne-cystic-27.jpeg,train,C:\Users\raghu\datasets\skin\SkinDisease\train\Actinic_Keratosis\3755__ProtectWyJQcm90ZWN0Il0_FocusFillWzI5NCwyMjIsIngiLDFd.jpeg,2,0
valid,C:\Users\raghu\datasets\skin\SkinDisease\valid\Actinic_Keratosis\493__ProtectWyJQcm90ZWN0Il0_FocusFillWzI5NCwyMjIsIngiLDFd.jpeg,train,C:\Users\raghu\datasets\skin\SkinDisease\train\Benign_tumors\epidermal-nevus-27.jpeg,2,0
valid,C:\Users\raghu\datasets\skin\SkinDisease\valid\Actinic_Keratosis\512__ProtectWyJQcm90ZWN0Il0_FocusFillWzI5NCwyMjIsIngiLDFd.jpeg,train,C:\Users\raghu\datasets\skin\SkinDisease\train\Actinic_Keratosis\images64.jpeg,2,1
valid,C:\Users\raghu\datasets\skin\SkinDisease\valid\Actinic_Keratosis\565__ProtectWyJQcm90ZWN0Il0_FocusFillWzI5NCwyMjIsIngiLDFd.jpeg,train,C:\Users\raghu\datasets\skin\SkinDisease\train\Benign_tumors\porokeratosis-48.jpeg,2,0
valid,C:\Users\raghu\datasets\skin\SkinDisease\valid\Actinic_Keratosis\PAT_1738_3260_304.png,train,C:\Users\raghu\datasets\skin\SkinDisease\train\Actinic_Keratosis\PAT_1282_978_328.png,2,1
valid,C:\Users\raghu\datasets\skin\SkinDisease\valid\Benign_tumors\20EpidermCystRuptured.jpeg,train,C:\Users\raghu\datasets\skin\SkinDisease\train\SkinCancer\basal-cell-carcinoma-lesion-55.jpeg,2,0
valid,C:\Users\raghu\datasets\skin\SkinDisease\valid\Benign_tumors\accessory-nipple-6.jpeg,train,C:\Users\raghu\datasets\skin\SkinDisease\train\Acne\acne-open-comedo-12.jpeg,2,0
valid,C:\Users\raghu\datasets\skin\SkinDisease\valid\Benign_tumors\cylindroma-2.jpeg,train,C:\Users\raghu\datasets\skin\SkinDisease\train\Benign_tumors\neurofibromas-13.jpeg,2,1
valid,C:\Users\raghu\datasets\skin\SkinDisease\valid\Benign_tumors\dermatofibroma-45.jpeg,train,C:\Users\raghu\datasets\skin\SkinDisease\train\SkinCancer\basal-cell-carcinoma-lesion-64.jpeg,2,0
valid,C:\Users\raghu\datasets\skin\SkinDisease\valid\Benign_tumors\dermatofibroma-51.jpeg,train,C:\Users\raghu\datasets\skin\SkinDisease\train\SkinCancer\basal-cell-carcinoma-lesion-64.jpeg,2,0
valid,C:\Users\raghu\datasets\skin\SkinDisease\valid\Benign_tumors\dermatofibroma-6.jpeg,train,C:\Users\raghu\datasets\skin\SkinDisease\train\Benign_tumors\neurofibromas-13.jpeg,2,1
valid,C:\Users\raghu\datasets\skin\SkinDisease\valid\Benign_tumors\dermatofibroma-80.jpeg,train,C:\Users\raghu\datasets\skin\SkinDisease\train\Acne\acne-open-comedo-12.jpeg,2,0
valid,C:\Users\raghu\datasets\skin\SkinDisease\valid\Eczema\05Atopic12060426.jpeg,train,C:\Users\raghu\datasets\skin\SkinDisease\train\Benign_tumors\porokeratosis-48.jpeg,2,0
valid,C:\Users\raghu\datasets\skin\SkinDisease\valid\Eczema\05Atopic18.jpeg,train,C:\Users\raghu\datasets\skin\SkinDisease\train\Actinic_Keratosis\actinic-keratosis-5FU-6.jpeg,2,0
valid,C:\Users\raghu\datasets\skin\SkinDisease\valid\Eczema\05atopic011005.jpeg,train,C:\Users\raghu\datasets\skin\SkinDisease\train\Vasculitis\pyoderma-gangrenosum-12.jpeg,2,0
valid,C:\Users\raghu\datasets\skin\SkinDisease\valid\Eczema\3Eczema3-290.jpeg,train,C:\Users\raghu\datasets\skin\SkinDisease\train\SkinCancer\ctcl-99.jpeg,2,0
valid,C:\Users\raghu\datasets\skin\SkinDisease\valid\Eczema\3Eczema3-291.jpeg,train,C:\Users\raghu\datasets\skin\SkinDisease\train\Acne\acne-face-2-1__ProtectWyJQcm90ZWN0Il0_FocusFillWzI5NCwyMjIsIngiLDFd.jpeg,2,0
valid,C:\Users\raghu\datasets\skin\SkinDisease\valid\Lupus\2525__ProtectWyJQcm90ZWN0Il0_FocusFillWzI5NCwyMjIsInkiLDM2XQ.jpeg,train,C:\Users\raghu\datasets\skin\SkinDisease\train\Lupus\lupus-sc__ProtectWyJQcm90ZWN0Il0_FocusFillWzI5NCwyMjIsInkiLDM2XQ.jpeg,2,1
valid,C:\Users\raghu\datasets\skin\SkinDisease\valid\Lupus\2535__ProtectWyJQcm90ZWN0Il0_FocusFillWzI5NCwyMjIsIngiLDFd.jpeg,train,C:\Users\raghu\datasets\skin\SkinDisease\train\Lupus\plaque-le__ProtectWyJQcm90ZWN0Il0_FocusFillWzI5NCwyMjIsIngiLDFd.jpeg,2,1
valid,C:\Users\raghu\datasets\skin\SkinDisease\valid\Lupus\2550__ProtectWyJQcm90ZWN0Il0_FocusFillWzI5NCwyMjIsIngiLDFd.jpeg,train,C:\Users\raghu\datasets\skin\SkinDisease\train\SkinCancer\ctcl-30.jpeg,2,0
valid,C:\Users\raghu\datasets\skin\SkinDisease\valid\SkinCancer\136.jpg,train,C:\Users\raghu\datasets\skin\SkinDisease\train\SkinCancer\malignant-melanoma-116.jpeg,2,1
valid,C:\Users\raghu\datasets\skin\SkinDisease\valid\SkinCancer\174.jpg,train,C:\Users\raghu\datasets\skin\SkinDisease\train\Vasculitis\pyoderma-gangrenosum-12.jpeg,2,0
valid,C:\Users\raghu\datasets\skin\SkinDisease\valid\SkinCancer\2.jpg,train,C:\Users\raghu\datasets\skin\SkinDisease\train\Benign_tumors\pilar-cyst-49.jpeg,2,0
valid,C:\Users\raghu\datasets\skin\SkinDisease\valid\SkinCancer\80.jpg,train,C:\Users\raghu\datasets\skin\SkinDisease\train\Benign_tumors\dermatofibroma-130.jpeg,2,0
test,C:\Users\raghu\datasets\skin\SkinDisease\test\Acne\acne-closed-comedo-28.jpeg,train,C:\Users\raghu\datasets\skin\SkinDisease\train\Warts\warts-cryotherapy-12.jpeg,2,0
test,C:\Users\raghu\datasets\skin\SkinDisease\test\Acne\acne-face-4-2__ProtectWyJQcm90ZWN0Il0_FocusFillWzI5NCwyMjIsIngiLDFd.jpeg,train,C:\Users\raghu\datasets\skin\SkinDisease\train\Actinic_Keratosis\images139.jpeg,2,0
test,C:\Users\raghu\datasets\skin\SkinDisease\test\Acne\acne-face-42__ProtectWyJQcm90ZWN0Il0_FocusFillWzI5NCwyMjIsIngiLDFd.jpeg,train,C:\Users\raghu\datasets\skin\SkinDisease\train\Actinic_Keratosis\actinic-keratosis-face-56.jpeg,2,0
test,C:\Users\raghu\datasets\skin\SkinDisease\test\Acne\acne-face-4__ProtectWyJQcm90ZWN0Il0_FocusFillWzI5NCwyMjIsIngiLDFd.jpeg,train,C:\Users\raghu\datasets\skin\SkinDisease\train\Warts\warts-flat-30.jpeg,2,0
test,C:\Users\raghu\datasets\skin\SkinDisease\test\Acne\acne-open-comedo-59.jpeg,train,C:\Users\raghu\datasets\skin\SkinDisease\train\Acne\acne-open-comedo-4.jpeg,2,1
test,C:\Users\raghu\datasets\skin\SkinDisease\test\Actinic_Keratosis\actinic-keratosis-5FU-24.jpeg,train,C:\Users\raghu\datasets\skin\SkinDisease\train\Actinic_Keratosis\actinic-keratosis-5FU-25.jpeg,2,1
test,C:\Users\raghu\datasets\skin\SkinDisease\test\Benign_tumors\20EpidermCystRuptured1.jpeg,train,C:\Users\raghu\datasets\skin\SkinDisease\train\Benign_tumors\epidermal-cyst-161.jpeg,2,1
test,C:\Users\raghu\datasets\skin\SkinDisease\test\Benign_tumors\dermatofibroma-105.jpeg,train,C:\Users\raghu\datasets\skin\SkinDisease\train\SkinCancer\basal-cell-carcinoma-lesion-57.jpeg,2,0
test,C:\Users\raghu\datasets\skin\SkinDisease\test\Lupus\lupus-chronic-cutaneous-118.jpeg,train,C:\Users\raghu\datasets\skin\SkinDisease\train\Warts\warts-flat-26.jpeg,2,0
test,C:\Users\raghu\datasets\skin\SkinDisease\test\Acne\acne-cystic-104.jpeg,valid,C:\Users\raghu\datasets\skin\SkinDisease\valid\Acne\acne-closed-comedo-12.jpeg,2,1
test,C:\Users\raghu\datasets\skin\SkinDisease\test\Acne\acne-face-4-2__ProtectWyJQcm90ZWN0Il0_FocusFillWzI5NCwyMjIsIngiLDFd.jpeg,valid,C:\Users\raghu\datasets\skin\SkinDisease\valid\Acne\acne-closed-comedo-12.jpeg,2,1
test,C:\Users\raghu\datasets\skin\SkinDisease\test\Actinic_Keratosis\actinic-keratosis-hand-6.jpeg,valid,C:\Users\raghu\datasets\skin\SkinDisease\valid\Acne\acne-closed-comedo-24.jpeg,2,0
test,C:\Users\raghu\datasets\skin\SkinDisease\test\SkinCancer\basal-cell-carcinoma-superficial-31.jpeg,valid,C:\Users\raghu\datasets\skin\SkinDisease\valid\Actinic_Keratosis\PAT_1547_1876_839.png,2,0
test,C:\Users\raghu\datasets\skin\SkinDisease\test\SkinCancer\ctcl-110.jpeg,valid,C:\Users\raghu\datasets\skin\SkinDisease\valid\Eczema\05Atopic12060425.jpeg,2,0
test,C:\Users\raghu\datasets\skin\SkinDisease\test\Acne\acne-closed-comedo-28.jpeg,test,C:\Users\raghu\datasets\skin\SkinDisease\test\Acne\acne-face-1-19__ProtectWyJQcm90ZWN0Il0_FocusFillWzI5NCwyMjIsIngiLDFd.jpeg,2,1
test,C:\Users\raghu\datasets\skin\SkinDisease\test\Acne\acne-cystic-1.jpeg,test,C:\Users\raghu\datasets\skin\SkinDisease\test\Acne\acne-cystic-36.jpeg,2,1
test,C:\Users\raghu\datasets\skin\SkinDisease\test\Acne\acne-cystic-104.jpeg,test,C:\Users\raghu\datasets\skin\SkinDisease\test\Actinic_Keratosis\295__ProtectWyJQcm90ZWN0Il0_FocusFillWzI5NCwyMjIsIngiLDFd.jpeg,2,0
test,C:\Users\raghu\datasets\skin\SkinDisease\test\SkinCancer\basal-cell-carcinoma-superficial-31.jpeg,test,C:\Users\raghu\datasets\skin\SkinDisease\test\Benign_tumors\connective-tissue-nevus-1.jpeg,2,0
train,C:\Users\raghu\datasets\skin\SkinDisease\train\Acne\acne-excoriated-20.jpeg,train,C:\Users\raghu\datasets\skin\SkinDisease\train\Acne\acne-excoriated-27.jpeg,2,1
train,C:\Users\raghu\datasets\skin\SkinDisease\train\Acne\acne-face-23-1__ProtectWyJQcm90ZWN0Il0_FocusFillWzI5NCwyMjIsInkiLDg1XQ.jpeg,train,C:\Users\raghu\datasets\skin\SkinDisease\train\Warts\warts-common-33.jpeg,2,0
train,C:\Users\raghu\datasets\skin\SkinDisease\train\Acne\acne-face-5-1__ProtectWyJQcm90ZWN0Il0_FocusFillWzI5NCwyMjIsIngiLDFd.jpeg,train,C:\Users\raghu\datasets\skin\SkinDisease\train\Benign_tumors\leiomyomata-7.jpeg,2,0
train,C:\Users\raghu\datasets\skin\SkinDisease\train\Acne\acne-face-55__ProtectWyJQcm90ZWN0Il0_FocusFillWzI5NCwyMjIsIngiLDFd.jpeg,train,C:\Users\raghu\datasets\skin\SkinDisease\train\Warts\warts-common-33.jpeg,2,0
train,C:\Users\raghu\datasets\skin\SkinDisease\train\Acne\acne-open-comedo-12.jpeg,train,C:\Users\raghu\datasets\skin\SkinDisease\train\SkinCancer\basal-cell-carcinoma-lesion-64.jpeg,2,0
train,C:\Users\raghu\datasets\skin\SkinDisease\train\Acne\acne-open-comedo-14.jpeg,train,C:\Users\raghu\datasets\skin\SkinDisease\train\Actinic_Keratosis\actinic-keratosis-arm-3.jpeg,2,0
train,C:\Users\raghu\datasets\skin\SkinDisease\train\Acne\acne-open-comedo-27.jpeg,train,C:\Users\raghu\datasets\skin\SkinDisease\train\Acne\acne-open-comedo-65.jpeg,2,1
train,C:\Users\raghu\datasets\skin\SkinDisease\train\Acne\acne-open-comedo-4.jpeg,train,C:\Users\raghu\datasets\skin\SkinDisease\train\Benign_tumors\leiomyomata-1.jpeg,2,0
train,C:\Users\raghu\datasets\skin\SkinDisease\train\Acne\acne-open-comedo-51.jpeg,train,C:\Users\raghu\datasets\skin\SkinDisease\train\Lupus\subacute-lupus-09__ProtectWyJQcm90ZWN0Il0_FocusFillWzI5NCwyMjIsIngiLDFd.JPG.jpeg,2,0
train,C:\Users\raghu\datasets\skin\SkinDisease\train\Acne\acne-pustular-13.jpeg,train,C:\Users\raghu\datasets\skin\SkinDisease\train\Eczema\eczema-asteatotic-54.jpeg,2,0
train,C:\Users\raghu\datasets\skin\SkinDisease\train\Acne\acne-pustular-14.jpeg,train,C:\Users\raghu\datasets\skin\SkinDisease\train\Warts\warts-flat-46.jpeg,2,0
train,C:\Users\raghu\datasets\skin\SkinDisease\train\Acne\acne-pustular-48.jpeg,train,C:\Users\raghu\datasets\skin\SkinDisease\train\Eczema\eczema-asteatotic-30.jpeg,2,0
train,C:\Users\raghu\datasets\skin\SkinDisease\train\Actinic_Keratosis\3755__ProtectWyJQcm90ZWN0Il0_FocusFillWzI5NCwyMjIsIngiLDFd.jpeg,train,C:\Users\raghu\datasets\skin\SkinDisease\train\Actinic_Keratosis\3751__ProtectWyJQcm90ZWN0Il0_FocusFillWzI5NCwyMjIsIngiLDFd.jpeg,2,1
train,C:\Users\raghu\datasets\skin\SkinDisease\train\Actinic_Keratosis\41598_2019_47984_Fig1_HTML.jpeg,train,C:\Users\raghu\datasets\skin\SkinDisease\train\Actinic_Keratosis\images285.jpeg,2,1
train,C:\Users\raghu\datasets\skin\SkinDisease\train\Actinic_Keratosis\AK1_fee391183f15cb4d62773032fe0be92d.jpeg,train,C:\Users\raghu\datasets\skin\SkinDisease\train\Actinic_Keratosis\image10.jpeg,2,1
train,C:\Users\raghu\datasets\skin\SkinDisease\train\Actinic_Keratosis\PAT_1074_322_174.png,train,C:\Users\raghu\datasets\skin\SkinDisease\train\Actinic_Keratosis\PAT_1088_373_781.png,2,1
train,C:\Users\raghu\datasets\skin\SkinDisease\train\Actinic_Keratosis\PAT_1088_373_781.png,train,C:\Users\raghu\datasets\skin\SkinDisease\train\Actinic_Keratosis\actinic-keratosis-hero.jpeg,2,1
train,C:\Users\raghu\datasets\skin\SkinDisease\train\Actinic_Keratosis\PAT_1130_501_181.png,train,C:\Users\raghu\datasets\skin\SkinDisease\train\Benign_tumors\syringoma-14.jpeg,2,0
train,C:\Users\raghu\datasets\skin\SkinDisease\train\Actinic_Keratosis\PAT_1171_615_468.png,train,C:\Users\raghu\datasets\skin\SkinDisease\train\Eczema\eczema-nummular-159.jpeg,2,0
train,C:\Users\raghu\datasets\skin\SkinDisease\train\Actinic_Keratosis\PAT_1393_1355_316.png,train,C:\Users\raghu\datasets\skin\SkinDisease\train\Actinic_Keratosis\PAT_1282_978_328.png,2,1
train,C:\Users\raghu\datasets\skin\SkinDisease\train\Actinic_Keratosis\PAT_468_4775_268.png,train,C:\Users\raghu\datasets\skin\SkinDisease\train\Warts\warts-plantar-118.jpeg,2,0
train,C:\Users\raghu\datasets\skin\SkinDisease\train\Actinic_Keratosis\actinic-keratosis-5FU-12.jpeg,train,C:\Users\raghu\datasets\skin\SkinDisease\train\Eczema\eczema-leg-21.jpeg,2,0
train,C:\Users\raghu\datasets\skin\SkinDisease\train\Actinic_Keratosis\actinic-keratosis-5FU-9.jpeg,train,C:\Users\raghu\datasets\skin\SkinDisease\train\Eczema\eczema-nummular-122.jpeg,2,0
train,C:\Users\raghu\datasets\skin\SkinDisease\train\Actinic_Keratosis\actinic-keratosis-arm-3.jpeg,train,C:\Users\raghu\datasets\skin\SkinDisease\train\Vasculitis\vasculitis-35.jpeg,2,0
train,C:\Users\raghu\datasets\skin\SkinDisease\train\Actinic_Keratosis\image-2020-10-29T190044.412.jpeg,train,C:\Users\raghu\datasets\skin\SkinDisease\train\Actinic_Keratosis\images135.jpeg,2,1
train,C:\Users\raghu\datasets\skin\SkinDisease\train\Actinic_Keratosis\image21.jpeg,train,C:\Users\raghu\datasets\skin\SkinDisease\train\Actinic_Keratosis\images28.jpeg,2,1
train,C:\Users\raghu\datasets\skin\SkinDisease\train\Actinic_Keratosis\images15.jpeg,train,C:\Users\raghu\datasets\skin\SkinDisease\train\Actinic_Keratosis\ACTINIC-KERATOSES.jpeg,2,1
train,C:\Users\raghu\datasets\skin\SkinDisease\train\Actinic_Keratosis\images64.jpeg,train,C:\Users\raghu\datasets\skin\SkinDisease\train\Eczema\eczema-asteatotic-35.jpeg,2,0
train,C:\Users\raghu\datasets\skin\SkinDisease\train\Benign_tumors\dermatofibroma-133.jpeg,train,C:\Users\raghu\datasets\skin\SkinDisease\train\Eczema\eczema-anal-1.jpeg,2,0
train,C:\Users\raghu\datasets\skin\SkinDisease\train\Benign_tumors\epidermal-cyst-108.jpeg,train,C:\Users\raghu\datasets\skin\SkinDisease\train\Actinic_Keratosis\PAT_1282_978_328.png,2,0
train,C:\Users\raghu\datasets\skin\SkinDisease\train\Benign_tumors\epidermal-nevus-31.jpeg,train,C:\Users\raghu\datasets\skin\SkinDisease\train\Benign_tumors\epidermal-nevus-32.jpeg,2,1
train,C:\Users\raghu\datasets\skin\SkinDisease\train\Benign_tumors\keratoacanthoma-131.jpeg,train,C:\Users\raghu\datasets\skin\SkinDisease\train\Benign_tumors\leiomyomata-1.jpeg,2,1
train,C:\Users\raghu\datasets\skin\SkinDisease\train\Benign_tumors\keratoacanthoma-80.jpeg,train,C:\Users\raghu\datasets\skin\SkinDisease\train\Actinic_Keratosis\PAT_677_1350_358.png,2,0
train,C:\Users\raghu\datasets\skin\SkinDisease\train\Benign_tumors\leiomyomata-10.jpeg,train,C:\Users\raghu\datasets\skin\SkinDisease\train\Actinic_Keratosis\PAT_1088_373_781.png,2,0
train,C:\Users\raghu\datasets\skin\SkinDisease\train\Benign_tumors\leiomyomata-9.jpeg,train,C:\Users\raghu\datasets\skin\SkinDisease\train\SkinCancer\ctcl-29.jpeg,2,0
train,C:\Users\raghu\datasets\skin\SkinDisease\train\Benign_tumors\neurofibromas-15.jpeg,train,C:\Users\raghu\datasets\skin\SkinDisease\train\Lupus\subacute-lupus-09__ProtectWyJQcm90ZWN0Il0_FocusFillWzI5NCwyMjIsIngiLDFd.JPG.jpeg,2,0
train,C:\Users\raghu\datasets\skin\SkinDisease\train\Benign_tumors\porokeratosis-48.jpeg,train,C:\Users\raghu\datasets\skin\SkinDisease\train\Vasculitis\erythema-nodosum-15.jpeg,2,0
train,C:\Users\raghu\datasets\skin\SkinDisease\train\Benign_tumors\porokeratosis-72.jpeg,train,C:\Users\raghu\datasets\skin\SkinDisease\train\SkinCancer\basal-cell-carcinoma-lesion-64.jpeg,2,0
train,C:\Users\raghu\datasets\skin\SkinDisease\train\Benign_tumors\sebaceous-hyperplasia-42.jpeg,train,C:\Users\raghu\datasets\skin\SkinDisease\train\Actinic_Keratosis\PAT_1373_1283_85.png,2,0
train,C:\Users\raghu\datasets\skin\SkinDisease\train\Benign_tumors\sebaceous-hyperplasia-84.jpeg,train,C:\Users\raghu\datasets\skin\SkinDisease\train\Benign_tumors\skin-tags-polyps-8.jpeg,2,1
train,C:\Users\raghu\datasets\skin\SkinDisease\train\Benign_tumors\skin-tags-polyps-33.jpeg,train,C:\Users\raghu\datasets\skin\SkinDisease\train\Lupus\subacute-lupus-09__ProtectWyJQcm90ZWN0Il0_FocusFillWzI5NCwyMjIsIngiLDFd.JPG.jpeg,2,0
train,C:\Users\raghu\datasets\skin\SkinDisease\train\Benign_tumors\skin-tags-polyps-64.jpeg,train,C:\Users\raghu\datasets\skin\SkinDisease\train\Actinic_Keratosis\images139.jpeg,2,0
train,C:\Users\raghu\datasets\skin\SkinDisease\train\Eczema\eczema-asteatotic-29.jpeg,train,C:\Users\raghu\datasets\skin\SkinDisease\train\Eczema\eczema-asteatotic-47.jpeg,2,1
train,C:\Users\raghu\datasets\skin\SkinDisease\train\Eczema\eczema-asteatotic-56.jpeg,train,C:\Users\raghu\datasets\skin\SkinDisease\train\Benign_tumors\epidermal-nevus-27.jpeg,2,0
train,C:\Users\raghu\datasets\skin\SkinDisease\train\Eczema\eczema-fingertips-111.jpeg,train,C:\Users\raghu\datasets\skin\SkinDisease\train\Eczema\eczema-fingertips-104.jpeg,2,1
train,C:\Users\raghu\datasets\skin\SkinDisease\train\Eczema\eczema-fingertips-122.jpeg,train,C:\Users\raghu\datasets\skin\SkinDisease\train\Actinic_Keratosis\images199.jpeg,2,0
train,C:\Users\raghu\datasets\skin\SkinDisease\train\Eczema\eczema-fingertips-88.jpeg,train,C:\Users\raghu\datasets\skin\SkinDisease\train\Warts\warts-periungual-9.jpeg,2,0
train,C:\Users\raghu\datasets\skin\SkinDisease\train\Eczema\eczema-leg-19.jpeg,train,C:\Users\raghu\datasets\skin\SkinDisease\train\Vasculitis\erythema-nodosum-10.jpeg,2,0
train,C:\Users\raghu\datasets\skin\SkinDisease\train\Eczema\eczema-nummular-169.jpeg,train,C:\Users\raghu\datasets\skin\SkinDisease\train\Benign_tumors\leiomyomata-1.jpeg,2,0
train,C:\Users\raghu\datasets\skin\SkinDisease\train\Eczema\eczema-nummular-183.jpeg,train,C:\Users\raghu\datasets\skin\SkinDisease\train\Vasculitis\erythema-elevatum-diutinum-2.jpeg,2,0
train,C:\Users\raghu\datasets\skin\SkinDisease\train\Eczema\eczema-nummular-199.jpeg,train,C:\Users\raghu\datasets\skin\SkinDisease\train\Eczema\eczema-nummular-169.jpeg,2,1
train,C:\Users\raghu\datasets\skin\SkinDisease\train\Eczema\eczema-subacute-12.jpeg,train,C:\Users\raghu\datasets\skin\SkinDisease\train\Eczema\eczema-leg-21.jpeg,2,1
train,C:\Users\raghu\datasets\skin\SkinDisease\train\Eczema\eczema-trunk-generalized-2.jpeg,train,C:\Users\raghu\datasets\skin\SkinDisease\train\Eczema\eczema-subacute-53.jpeg,2,1
train,C:\Users\raghu\datasets\skin\SkinDisease\train\Lupus\lupus-chronic-cutaneous-66.jpeg,train,C:\Users\raghu\datasets\skin\SkinDisease\train\Lupus\lupus-chronic-cutaneous-67.jpeg,2,1
train,C:\Users\raghu\datasets\skin\SkinDisease\train\SkinCancer\293.jpg,train,C:\Users\raghu\datasets\skin\SkinDisease\train\SkinCancer\294.jpg,2,1
train,C:\Users\raghu\datasets\skin\SkinDisease\train\SkinCancer\basal-cell-carcinoma-lid-1.jpeg,train,C:\Users\raghu\datasets\skin\SkinDisease\train\SkinCancer\basal-cell-carcinoma-lid-21.jpeg,2,1
train,C:\Users\raghu\datasets\skin\SkinDisease\train\SkinCancer\basal-cell-carcinoma-lid-11.jpeg,train,C:\Users\raghu\datasets\skin\SkinDisease\train\SkinCancer\basal-cell-carcinoma-lid-12.jpeg,2,1
train,C:\Users\raghu\datasets\skin\SkinDisease\train\SkinCancer\basal-cell-carcinoma-lip-17.jpeg,train,C:\Users\raghu\datasets\skin\SkinDisease\train\SkinCancer\basal-cell-carcinoma-lip-2.jpeg,2,1
train,C:\Users\raghu\datasets\skin\SkinDisease\train\SkinCancer\basal-cell-carcinoma-superficial-41.jpeg,train,C:\Users\raghu\datasets\skin\SkinDisease\train\Actinic_Keratosis\actinic-keratosis-hero.jpeg,2,0
train,C:\Users\raghu\datasets\skin\SkinDisease\train\SkinCancer\basal-cell-carcinoma-superficial-42.jpeg,train,C:\Users\raghu\datasets\skin\SkinDisease\train\SkinCancer\basal-cell-carcinoma-lesion-70.jpeg,2,1
train,C:\Users\raghu\datasets\skin\SkinDisease\train\SkinCancer\basal-cell-carcinoma-trunk-ext-3.jpeg,train,C:\Users\raghu\datasets\skin\SkinDisease\train\Vasculitis\schamberg-disease-3.jpeg,2,0
train,C:\Users\raghu\datasets\skin\SkinDisease\train\SkinCancer\ctcl-100.jpeg,train,C:\Users\raghu\datasets\skin\SkinDisease\train\SkinCancer\ctcl-115.jpeg,2,1
train,C:\Users\raghu\datasets\skin\SkinDisease\train\SkinCancer\ctcl-30.jpeg,train,C:\Users\raghu\datasets\skin\SkinDisease\train\Vasculitis\sweets-syndrome-9.jpeg,2,0
train,C:\Users\raghu\datasets\skin\SkinDisease\train\SkinCancer\ctcl-83.jpeg,train,C:\Users\raghu\datasets\skin\SkinDisease\train\SkinCancer\ctcl-27.jpeg,2,1
train,C:\Users\raghu\datasets\skin\SkinDisease\train\SkinCancer\malignant-melanoma-119.jpeg,train,C:\Users\raghu\datasets\skin\SkinDisease\train\SkinCancer\malignant-melanoma-159.jpeg,2,1
train,C:\Users\raghu\datasets\skin\SkinDisease\train\SkinCancer\malignant-melanoma-120.jpeg,train,C:\Users\raghu\datasets\skin\SkinDisease\train\SkinCancer\malignant-melanoma-163.jpeg,2,1
train,C:\Users\raghu\datasets\skin\SkinDisease\train\SkinCancer\malignant-melanoma-135.jpeg,train,C:\Users\raghu\datasets\skin\SkinDisease\train\SkinCancer\malignant-melanoma-178.jpeg,2,1
train,C:\Users\raghu\datasets\skin\SkinDisease\train\Vasculitis\erythema-nodosum-12.jpeg,train,C:\Users\raghu\datasets\skin\SkinDisease\train\Vasculitis\erythema-nodosum-14.jpeg,2,1
train,C:\Users\raghu\datasets\skin\SkinDisease\train\Vasculitis\pyoderma-gangrenosum-12.jpeg,train,C:\Users\raghu\datasets\skin\SkinDisease\train\Eczema\eczema-nummular-122.jpeg,2,0
train,C:\Users\raghu\datasets\skin\SkinDisease\train\Vasculitis\schamberg-disease-11.jpeg,train,C:\Users\raghu\datasets\skin\SkinDisease\train\Vasculitis\vasculitis-49.jpeg,2,1
train,C:\Users\raghu\datasets\skin\SkinDisease\train\Vasculitis\schamberg-disease-19.jpeg,train,C:\Users\raghu\datasets\skin\SkinDisease\train\Vasculitis\schamberg-disease-2.jpeg,2,1
train,C:\Users\raghu\datasets\skin\SkinDisease\train\Warts\genital-warts-19.jpeg,train,C:\Users\raghu\datasets\skin\SkinDisease\train\Benign_tumors\epidermal-nevus-71.jpeg,2,0
train,C:\Users\raghu\datasets\skin\SkinDisease\train\Warts\warts-34.jpeg,train,C:\Users\raghu\datasets\skin\SkinDisease\train\Warts\warts-5.jpeg,2,1
train,C:\Users\raghu\datasets\skin\SkinDisease\train\Warts\warts-common-61.jpeg,train,C:\Users\raghu\datasets\skin\SkinDisease\train\Actinic_Keratosis\images139.jpeg,2,0
train,C:\Users\raghu\datasets\skin\SkinDisease\train\Warts\warts-digitate-20.jpeg,train,C:\Users\raghu\datasets\skin\SkinDisease\train\Actinic_Keratosis\PAT_1282_978_328.png,2,0
train,C:\Users\raghu\datasets\skin\SkinDisease\train\Warts\warts-flat-45.jpeg,train,C:\Users\raghu\datasets\skin\SkinDisease\train\Warts\warts-flat-64.jpeg,2,1
train,C:\Users\raghu\datasets\skin\SkinDisease\train\Warts\warts-flat-63.jpeg,train,C:\Users\raghu\datasets\skin\SkinDisease\train\Benign_tumors\leiomyomata-1.jpeg,2,0
train,C:\Users\raghu\datasets\skin\SkinDisease\train\Warts\warts-flat-65.jpeg,train,C:\Users\raghu\datasets\skin\SkinDisease\train\Eczema\eczema-nummular-169.jpeg,2,0
train,C:\Users\raghu\datasets\skin\SkinDisease\train\Warts\warts-flat-66.jpeg,train,C:\Users\raghu\datasets\skin\SkinDisease\train\Benign_tumors\epidermal-nevus-27.jpeg,2,0
train,C:\Users\raghu\datasets\skin\SkinDisease\train\Warts\warts-plantar-118.jpeg,train,C:\Users\raghu\datasets\skin\SkinDisease\train\Benign_tumors\leiomyomata-7.jpeg,2,0
valid,C:\Users\raghu\datasets\skin\SkinDisease\valid\Acne\acne-closed-comedo-13.jpeg,valid,C:\Users\raghu\datasets\skin\SkinDisease\valid\Acne\acne-closed-comedo-6.jpeg,2,1
valid,C:\Users\raghu\datasets\skin\SkinDisease\valid\Actinic_Keratosis\420__ProtectWyJQcm90ZWN0Il0_FocusFillWzI5NCwyMjIsIngiLDFd.jpeg,valid,C:\Users\raghu\datasets\skin\SkinDisease\valid\Actinic_Keratosis\528__ProtectWyJQcm90ZWN0Il0_FocusFillWzI5NCwyMjIsIngiLDFd.jpeg,2,1
valid,C:\Users\raghu\datasets\skin\SkinDisease\valid\Actinic_Keratosis\512__ProtectWyJQcm90ZWN0Il0_FocusFillWzI5NCwyMjIsIngiLDFd.jpeg,valid,C:\Users\raghu\datasets\skin\SkinDisease\valid\Acne\acne-cystic-33.jpeg,2,0
valid,C:\Users\raghu\datasets\skin\SkinDisease\valid\Actinic_Keratosis\PAT_1538_1830_693.png,valid,C:\Users\raghu\datasets\skin\SkinDisease\valid\Benign_tumors\accessory-nipple-6.jpeg,2,0
valid,C:\Users\raghu\datasets\skin\SkinDisease\valid\Actinic_Keratosis\PAT_1738_3260_304.png,valid,C:\Users\raghu\datasets\skin\SkinDisease\valid\Actinic_Keratosis\PAT_1547_1876_839.png,2,1
valid,C:\Users\raghu\datasets\skin\SkinDisease\valid\Benign_tumors\20EpidermCystRuptured.jpeg,valid,C:\Users\raghu\datasets\skin\SkinDisease\valid\Benign_tumors\calcifying-epithelioma-4.jpeg,2,1
valid,C:\Users\raghu\datasets\skin\SkinDisease\valid\Benign_tumors\cylindroma-2.jpeg,valid,C:\Users\raghu\datasets\skin\SkinDisease\valid\Acne\acne-closed-comedo-14.jpeg,2,0
valid,C:\Users\raghu\datasets\skin\SkinDisease\valid\Benign_tumors\dermatofibroma-6.jpeg,valid,C:\Users\raghu\datasets\skin\SkinDisease\valid\Acne\acne-closed-comedo-14.jpeg,2,0
valid,C:\Users\raghu\datasets\skin\SkinDisease\valid\Eczema\05Atopic12060421.jpeg,valid,C:\Users\raghu\datasets\skin\SkinDisease\valid\Eczema\05Atopic12060425.jpeg,2,1
valid,C:\Users\raghu\datasets\skin\SkinDisease\valid\Eczema\05Atopic12060422.jpeg,valid,C:\Users\raghu\datasets\skin\SkinDisease\valid\Eczema\3Eczema3-290.jpeg,2,1
valid,C:\Users\raghu\datasets\skin\SkinDisease\valid\Eczema\05Atopic12060426.jpeg,valid,C:\Users\raghu\datasets\skin\SkinDisease\valid\Vasculitis\erythema-multiforme-134.jpeg,2,0
valid,C:\Users\raghu\datasets\skin\SkinDisease\valid\Eczema\05atopic011005.jpeg,valid,C:\Users\raghu\datasets\skin\SkinDisease\valid\SkinCancer\174.jpg,2,0
valid,C:\Users\raghu\datasets\skin\SkinDisease\valid\Vasculitis\erythema-multiforme-101.jpeg,valid,C:\Users\raghu\datasets\skin\SkinDisease\valid\Lupus\2566__ProtectWyJQcm90ZWN0Il0_FocusFillWzI5NCwyMjIsIngiLDFd.jpeg,2,0
valid,C:\Users\raghu\datasets\skin\SkinDisease\valid\Acne\152__ProtectWyJQcm90ZWN0Il0_FocusFillWzI5NCwyMjIsIngiLDFd.jpeg,train,C:\Users\raghu\datasets\skin\SkinDisease\train\Benign_tumors\skin-tags-polyps-30.jpeg,3,0
valid,C:\Users\raghu\datasets\skin\SkinDisease\valid\Acne\175__ProtectWyJQcm90ZWN0Il0_FocusFillWzI5NCwyMjIsIngiLDFd.jpeg,train,C:\Users\raghu\datasets\skin\SkinDisease\train\Actinic_Keratosis\3741__ProtectWyJQcm90ZWN0Il0_FocusFillWzI5NCwyMjIsIngiLDFd.jpeg,3,0
valid,C:\Users\raghu\datasets\skin\SkinDisease\valid\Acne\acne-closed-comedo-25.jpeg,train,C:\Users\raghu\datasets\skin\SkinDisease\train\Acne\acne-face-4-6__ProtectWyJQcm90ZWN0Il0_FocusFillWzI5NCwyMjIsIngiLDFd.jpeg,3,1
valid,C:\Users\raghu\datasets\skin\SkinDisease\valid\Acne\acne-closed-comedo-6.jpeg,train,C:\Users\raghu\datasets\skin\SkinDisease\train\Eczema\eczema-subacute-81.jpeg,3,0
valid,C:\Users\raghu\datasets\skin\SkinDisease\valid\Acne\acne-cystic-14.jpeg,train,C:\Users\raghu\datasets\skin\SkinDisease\train\Actinic_Keratosis\PAT_1130_501_181.png,3,0
valid,C:\Users\raghu\datasets\skin\SkinDisease\valid\Acne\acne-cystic-3.jpeg,train,C:\Users\raghu\datasets\skin\SkinDisease\train\Vasculitis\vasculitis-58.jpeg,3,0
valid,C:\Users\raghu\datasets\skin\SkinDisease\valid\Acne\acne-cystic-47.jpeg,train,C:\Users\raghu\datasets\skin\SkinDisease\train\Benign_tumors\dermatofibroma-112.jpeg,3,0
valid,C:\Users\raghu\datasets\skin\SkinDisease\valid\Acne\acne-cystic-51.jpeg,train,C:\Users\raghu\datasets\skin\SkinDisease\train\Acne\acne-cystic-137.jpeg,3,1
valid,C:\Users\raghu\datasets\skin\SkinDisease\valid\Acne\acne-cystic-54.jpeg,train,C:\Users\raghu\datasets\skin\SkinDisease\train\Acne\acne-cystic-139.jpeg,3,1
valid,C:\Users\raghu\datasets\skin\SkinDisease\valid\Actinic_Keratosis\418__ProtectWyJQcm90ZWN0Il0_FocusFillWzI5NCwyMjIsIngiLDFd.jpeg,train,C:\Users\raghu\datasets\skin\SkinDisease\train\Benign_tumors\sebaceous-hyperplasia-96.jpeg,3,0
valid,C:\Users\raghu\datasets\skin\SkinDisease\valid\Actinic_Keratosis\467__ProtectWyJQcm90ZWN0Il0_FocusFillWzI5NCwyMjIsIngiLDFd.jpeg,train,C:\Users\raghu\datasets\skin\SkinDisease\train\Actinic_Keratosis\images279.jpeg,3,1
valid,C:\Users\raghu\datasets\skin\SkinDisease\valid\Actinic_Keratosis\539__ProtectWyJQcm90ZWN0Il0_FocusFillWzI5NCwyMjIsIngiLDFd.jpeg,train,C:\Users\raghu\datasets\skin\SkinDisease\train\Eczema\eczema-subacute-69.jpeg,3,0
valid,C:\Users\raghu\datasets\skin\SkinDisease\valid\Actinic_Keratosis\PAT_1538_1830_693.png,train,C:\Users\raghu\datasets\skin\SkinDisease\train\SkinCancer\basal-cell-carcinoma-lesion-55.jpeg,3,0
valid,C:\Users\raghu\datasets\skin\SkinDisease\valid\Benign_tumors\accessory-nipple-8.jpeg,train,C:\Users\raghu\datasets\skin\SkinDisease\train\Benign_tumors\dermatofibroma-106.jpeg,3,1
valid,C:\Users\raghu\datasets\skin\SkinDisease\valid\Benign_tumors\dermatofibroma-63.jpeg,train,C:\Users\raghu\datasets\skin\SkinDisease\train\Acne\acne-open-comedo-12.jpeg,3,0
valid,C:\Users\raghu\datasets\skin\SkinDisease\valid\Eczema\05Atopic12060417.jpeg,train,C:\Users\raghu\datasets\skin\SkinDisease\train\Benign_tumors\nevus-sebaceous-32.jpeg,3,0
valid,C:\Users\raghu\datasets\skin\SkinDisease\valid\Eczema\05Atopic12060421.jpeg,train,C:\Users\raghu\datasets\skin\SkinDisease\train\Vasculitis\interstitial-granulomatous-dermatitis-16.jpeg,3,0
valid,C:\Users\raghu\datasets\skin\SkinDisease\valid\Eczema\05AtopicDerm0112042.jpeg,train,C:\Users\raghu\datasets\skin\SkinDisease\train\Acne\acne-cystic-107.jpeg,3,0
valid,C:\Users\raghu\datasets\skin\SkinDisease\valid\Eczema\05AtopicPop1.jpeg,train,C:\Users\raghu\datasets\skin\SkinDisease\train\Vasculitis\schamberg-disease-71.jpeg,3,0
valid,C:\Users\raghu\datasets\skin\SkinDisease\valid\Eczema\05atopic0228051.jpeg,train,C:\Users\raghu\datasets\skin\SkinDisease\train\Vasculitis\pyoderma-gangrenosum-20.jpeg,3,0
valid,C:\Users\raghu\datasets\skin\SkinDisease\valid\Eczema\05atopic1107051.jpeg,train,C:\Users\raghu\datasets\skin\SkinDisease\train\Eczema\eczema-asteatotic-49.jpeg,3,1
valid,C:\Users\raghu\datasets\skin\SkinDisease\valid\Vasculitis\erythema-multiforme-16.jpeg,train,C:\Users\raghu\datasets\skin\SkinDisease\train\Actinic_Keratosis\PAT_1282_978_328.png,3,0
valid,C:\Users\raghu\datasets\skin\SkinDisease\valid\Vasculitis\erythema-multiforme-94.jpeg,train,C:\Users\raghu\datasets\skin\SkinDisease\train\Vasculitis\schamberg-disease-71.jpeg,3,1
valid,C:\Users\raghu\datasets\skin\SkinDisease\valid\Warts\genital-warts-25.jpeg,train,C:\Users\raghu\datasets\skin\SkinDisease\train\Lupus\sle-58__ProtectWyJQcm90ZWN0Il0_FocusFillWzI5NCwyMjIsIngiLDFd.jpeg,3,0
test,C:\Users\raghu\datasets\skin\SkinDisease\test\Acne\acne-face-1-19__ProtectWyJQcm90ZWN0Il0_FocusFillWzI5NCwyMjIsIngiLDFd.jpeg,train,C:\Users\raghu\datasets\skin\SkinDisease\train\Eczema\eczema-nummular-170.jpeg,3,0
test,C:\Users\raghu\datasets\skin\SkinDisease\test\Acne\acne-face-1-8__ProtectWyJQcm90ZWN0Il0_FocusFillWzI5NCwyMjIsIngiLDFd.jpeg,train,C:\Users\raghu\datasets\skin\SkinDisease\train\Benign_tumors\leiomyomata-1.jpeg,3,0
test,C:\Users\raghu\datasets\skin\SkinDisease\test\Acne\acne-face-10-1__ProtectWyJQcm90ZWN0Il0_FocusFillWzI5NCwyMjIsInkiLDg1XQ.jpeg,train,C:\Users\raghu\datasets\skin\SkinDisease\train\Benign_tumors\leiomyomata-5.jpeg,3,0
test,C:\Users\raghu\datasets\skin\SkinDisease\test\Acne\acne-open-comedo-32.jpeg,train,C:\Users\raghu\datasets\skin\SkinDisease\train\Vasculitis\erythema-nodosum-14.jpeg,3,0
test,C:\Users\raghu\datasets\skin\SkinDisease\test\Acne\acne-open-comedo-57.jpeg,train,C:\Users\raghu\datasets\skin\SkinDisease\train\Benign_tumors\leiomyomata-7.jpeg,3,0
test,C:\Users\raghu\datasets\skin\SkinDisease\test\Actinic_Keratosis\actinic-keratosis-hand-6.jpeg,train,C:\Users\raghu\datasets\skin\SkinDisease\train\Benign_tumors\epidermal-nevus-9.jpeg,3,0
test,C:\Users\raghu\datasets\skin\SkinDisease\test\Benign_tumors\epidermal-nevus-48.jpeg,train,C:\Users\raghu\datasets\skin\SkinDisease\train\Eczema\eczema-nummular-198.jpeg,3,0
test,C:\Users\raghu\datasets\skin\SkinDisease\test\Benign_tumors\spiny-keratoderma-6.jpeg,train,C:\Users\raghu\datasets\skin\SkinDisease\train\SkinCancer\basal-cell-carcinoma-superficial-41.jpeg,3,0
test,C:\Users\raghu\datasets\skin\SkinDisease\test\Eczema\05AtopicPop.jpeg,train,C:\Users\raghu\datasets\skin\SkinDisease\train\Vasculitis\schamberg-disease-71.jpeg,3,0
test,C:\Users\raghu\datasets\skin\SkinDisease\test\SkinCancer\basal-cell-carcinoma-superficial-36.jpeg,train,C:\Users\raghu\datasets\skin\SkinDisease\train\Actinic_Keratosis\PAT_1415_1440_629.png,3,0
test,C:\Users\raghu\datasets\skin\SkinDisease\test\Vasculitis\erythema-nodosum-33.jpeg,train,C:\Users\raghu\datasets\skin\SkinDisease\train\Vasculitis\erythema-nodosum-18.jpeg,3,1
test,C:\Users\raghu\datasets\skin\SkinDisease\test\Vasculitis\pyoderma-gangrenosum-1.jpeg,train,C:\Users\raghu\datasets\skin\SkinDisease\train\SkinCancer\basal-cell-carcinoma-lesion-63.jpeg,3,0
test,C:\Users\raghu\datasets\skin\SkinDisease\test\Vasculitis\vasculitis-21.jpeg,train,C:\Users\raghu\datasets\skin\SkinDisease\train\Vasculitis\vasculitis-143.jpeg,3,1
test,C:\Users\raghu\datasets\skin\SkinDisease\test\Vasculitis\vasculitis-51.jpeg,train,C:\Users\raghu\datasets\skin\SkinDisease\train\Actinic_Keratosis\PAT_1282_978_328.png,3,0
test,C:\Users\raghu\datasets\skin\SkinDisease\test\Warts\warts-37.jpeg,train,C:\Users\raghu\datasets\skin\SkinDisease\train\Warts\warts-flat-70.jpeg,3,1
test,C:\Users\raghu\datasets\skin\SkinDisease\test\Warts\warts-digitate-33.jpeg,train,C:\Users\raghu\datasets\skin\SkinDisease\train\Benign_tumors\skin-tags-polyps-12.jpeg,3,0
test,C:\Users\raghu\datasets\skin\SkinDisease\test\Actinic_Keratosis\295__ProtectWyJQcm90ZWN0Il0_FocusFillWzI5NCwyMjIsIngiLDFd.jpeg,valid,C:\Users\raghu\datasets\skin\SkinDisease\valid\Acne\acne-closed-comedo-11.jpeg,3,0
test,C:\Users\raghu\datasets\skin\SkinDisease\test\Actinic_Keratosis\457__ProtectWyJQcm90ZWN0Il0_FocusFillWzI5NCwyMjIsIngiLDFd.jpeg,valid,C:\Users\raghu\datasets\skin\SkinDisease\valid\Actinic_Keratosis\512__ProtectWyJQcm90ZWN0Il0_FocusFillWzI5NCwyMjIsIngiLDFd.jpeg,3,1
test,C:\Users\raghu\datasets\skin\SkinDisease\test\Actinic_Keratosis\PAT_2050_4350_36.png,valid,C:\Users\raghu\datasets\skin\SkinDisease\valid\Benign_tumors\dermatofibroma-6.jpeg,3,0
test,C:\Users\raghu\datasets\skin\SkinDisease\test\Benign_tumors\20EpidermCystRuptured1.jpeg,valid,C:\Users\raghu\datasets\skin\SkinDisease\valid\Benign_tumors\20EpidermCystRuptured.jpeg,3,1
test,C:\Users\raghu\datasets\skin\SkinDisease\test\Eczema\eczema-foot-25.jpeg,valid,C:\Users\raghu\datasets\skin\SkinDisease\valid\SkinCancer\2.jpg,3,0
test,C:\Users\raghu\datasets\skin\SkinDisease\test\Eczema\eczema-foot-69.jpeg,valid,C:\Users\raghu\datasets\skin\SkinDisease\valid\Eczema\05atopicAdult1118051.jpeg,3,1
test,C:\Users\raghu\datasets\skin\SkinDisease\test\Eczema\eczema-nummular-190.jpeg,valid,C:\Users\raghu\datasets\skin\SkinDisease\valid\Actinic_Keratosis\566__ProtectWyJQcm90ZWN0Il0_FocusFillWzI5NCwyMjIsInkiLDg1XQ.jpeg,3,0
test,C:\Users\raghu\datasets\skin\SkinDisease\test\Lupus\lupus-acute-7.jpeg,valid,C:\Users\raghu\datasets\skin\SkinDisease\valid\Eczema\05Atopic12060425.jpeg,3,0
test,C:\Users\raghu\datasets\skin\SkinDisease\test\SkinCancer\basal-cell-carcinoma-face-29.jpeg,valid,C:\Users\raghu\datasets\skin\SkinDisease\valid\Benign_tumors\dermatofibroma-70.jpeg,3,0
test,C:\Users\raghu\datasets\skin\SkinDisease\test\SkinCancer\basal-cell-carcinoma-superficial-36.jpeg,valid,C:\Users\raghu\datasets\skin\SkinDisease\valid\Benign_tumors\dermatofibroma-17.jpeg,3,0
test,C:\Users\raghu\datasets\skin\SkinDisease\test\Vasculitis\vasculitis-51.jpeg,valid,C:\Users\raghu\datasets\skin\SkinDisease\valid\Actinic_Keratosis\PAT_1547_1876_839.png,3,0
test,C:\Users\raghu\datasets\skin\SkinDisease\test\Warts\genital-warts-68.jpeg,valid,C:\Users\raghu\datasets\skin\SkinDisease\valid\Warts\genital-warts-88.jpeg,3,1
test,C:\Users\raghu\datasets\skin\SkinDisease\test\Warts\warts-common-30.jpeg,valid,C:\Users\raghu\datasets\skin\SkinDisease\valid\Benign_tumors\dermatofibroma-68.jpeg,3,0
test,C:\Users\raghu\datasets\skin\SkinDisease\test\Acne\acne-face-42__ProtectWyJQcm90ZWN0Il0_FocusFillWzI5NCwyMjIsIngiLDFd.jpeg,test,C:\Users\raghu\datasets\skin\SkinDisease\test\Actinic_Keratosis\457__ProtectWyJQcm90ZWN0Il0_FocusFillWzI5NCwyMjIsIngiLDFd.jpeg,3,0
test,C:\Users\raghu\datasets\skin\SkinDisease\test\Actinic_Keratosis\PAT_2079_4480_586.png,test,C:\Users\raghu\datasets\skin\SkinDisease\test\SkinCancer\basal-cell-carcinoma-superficial-36.jpeg,3,0
test,C:\Users\raghu\datasets\skin\SkinDisease\test\Actinic_Keratosis\PAT_2081_4488_57.png,test,C:\Users\raghu\datasets\skin\SkinDisease\test\SkinCancer\basal-cell-carcinoma-superficial-31.jpeg,3,0
test,C:\Users\raghu\datasets\skin\SkinDisease\test\Eczema\eczema-subacute-90.jpeg,test,C:\Users\raghu\datasets\skin\SkinDisease\test\Actinic_Keratosis\images236.jpeg,3,0
test,C:\Users\raghu\datasets\skin\SkinDisease\test\Lupus\lupus-chronic-cutaneous-138.jpeg,test,C:\Users\raghu\datasets\skin\SkinDisease\test\Benign_tumors\porokeratosis-99.jpeg,3,0
test,C:\Users\raghu\datasets\skin\SkinDisease\test\Vasculitis\vasculitis-51.jpeg,test,C:\Users\raghu\datasets\skin\SkinDisease\test\Benign_tumors\connective-tissue-nevus-1.jpeg,3,0
train,C:\Users\raghu\datasets\skin\SkinDisease\train\Acne\acne-cystic-144.jpeg,train,C:\Users\raghu\datasets\skin\SkinDisease\train\Actinic_Keratosis\images139.jpeg,3,0
train,C:\Users\raghu\datasets\skin\SkinDisease\train\Acne\acne-face-1-16__ProtectWyJQcm90ZWN0Il0_FocusFillWzI5NCwyMjIsInkiLDg1XQ.jpeg,train,C:\Users\raghu\datasets\skin\SkinDisease\train\Benign_tumors\epidermal-nevus-27.jpeg,3,0
train,C:\Users\raghu\datasets\skin\SkinDisease\train\Acne\acne-face-2-1__ProtectWyJQcm90ZWN0Il0_FocusFillWzI5NCwyMjIsIngiLDFd.jpeg,train,C:\Users\raghu\datasets\skin\SkinDisease\train\Eczema\eczema-asteatotic-23.jpeg,3,0
train,C:\Users\raghu\datasets\skin\SkinDisease\train\Acne\acne-face-4-6__ProtectWyJQcm90ZWN0Il0_FocusFillWzI5NCwyMjIsIngiLDFd.jpeg,train,C:\Users\raghu\datasets\skin\SkinDisease\train\Benign_tumors\leiomyomata-1.jpeg,3,0
train,C:\Users\raghu\datasets\skin\SkinDisease\train\Acne\acne-open-comedo-20.jpeg,train,C:\Users\raghu\datasets\skin\SkinDisease\train\Warts\warts-flat-22.jpeg,3,0
train,C:\Users\raghu\datasets\skin\SkinDisease\train\Acne\acne-pustular-17.jpeg,train,C:\Users\raghu\datasets\skin\SkinDisease\train\Acne\acne-scar-4.jpeg,3,1
train,C:\Users\raghu\datasets\skin\SkinDisease\train\Acne\acne-pustular-47.jpeg,train,C:\Users\raghu\datasets\skin\SkinDisease\train\Benign_tumors\leiomyomata-1.jpeg,3,0
train,C:\Users\raghu\datasets\skin\SkinDisease\train\Acne\acne-pustular-54.jpeg,train,C:\Users\raghu\datasets\skin\SkinDisease\train\Benign_tumors\epidermal-nevus-27.jpeg,3,0
train,C:\Users\raghu\datasets\skin\SkinDisease\train\Acne\acne-pustular-6.jpeg,train,C:\Users\raghu\datasets\skin\SkinDisease\train\Benign_tumors\leiomyomata-7.jpeg,3,0
train,C:\Users\raghu\datasets\skin\SkinDisease\train\Acne\acne-pustular-65.jpeg,train,C:\Users\raghu\datasets\skin\SkinDisease\train\Benign_tumors\neurofibromas-13.jpeg,3,0
train,C:\Users\raghu\datasets\skin\SkinDisease\train\Actinic_Keratosis\3751__ProtectWyJQcm90ZWN0Il0_FocusFillWzI5NCwyMjIsIngiLDFd.jpeg,train,C:\Users\raghu\datasets\skin\SkinDisease\train\Actinic_Keratosis\images139.jpeg,3,1
train,C:\Users\raghu\datasets\skin\SkinDisease\train\Actinic_Keratosis\ISIC_0030586.jpg,train,C:\Users\raghu\datasets\skin\SkinDisease\train\SkinCancer\malignant-melanoma-125.jpeg,3,0
train,C:\Users\raghu\datasets\skin\SkinDisease\train\Actinic_Keratosis\PAT_1031_148_66.png,train,C:\Users\raghu\datasets\skin\SkinDisease\train\Actinic_Keratosis\PAT_1282_978_328.png,3,1
train,C:\Users\raghu\datasets\skin\SkinDisease\train\Actinic_Keratosis\PAT_1299_1055_591.png,train,C:\Users\raghu\datasets\skin\SkinDisease\train\Benign_tumors\dermatofibroma-127.jpeg,3,0
train,C:\Users\raghu\datasets\skin\SkinDisease\train\Actinic_Keratosis\PAT_1324_1146_143.png,train,C:\Users\raghu\datasets\skin\SkinDisease\train\Benign_tumors\sebaceous-hyperplasia-42.jpeg,3,0
train,C:\Users\raghu\datasets\skin\SkinDisease\train\Actinic_Keratosis\PAT_1443_1536_166.png,train,C:\Users\raghu\datasets\skin\SkinDisease\train\Benign_tumors\sebaceous-hyperplasia-42.jpeg,3,0
train,C:\Users\raghu\datasets\skin\SkinDisease\train\Actinic_Keratosis\PAT_302_1633_845.png,train,C:\Users\raghu\datasets\skin\SkinDisease\train\Actinic_Keratosis\PAT_1282_978_328.png,3,1
train,C:\Users\raghu\datasets\skin\SkinDisease\train\Actinic_Keratosis\PAT_337_1697_721.png,train,C:\Users\raghu\datasets\skin\SkinDisease\train\Benign_tumors\neurofibromas-13.jpeg,3,0
train,C:\Users\raghu\datasets\skin\SkinDisease\train\Actinic_Keratosis\actinic-keratosis-5FU-33.jpeg,train,C:\Users\raghu\datasets\skin\SkinDisease\train\Actinic_Keratosis\images139.jpeg,3,1
train,C:\Users\raghu\datasets\skin\SkinDisease\train\Actinic_Keratosis\actinic-keratosis-5FU-36.jpeg,train,C:\Users\raghu\datasets\skin\SkinDisease\train\Benign_tumors\pilar-cyst-49.jpeg,3,0
train,C:\Users\raghu\datasets\skin\SkinDisease\train\Actinic_Keratosis\actinic-keratosis-face-56.jpeg,train,C:\Users\raghu\datasets\skin\SkinDisease\train\Actinic_Keratosis\images139.jpeg,3,1
train,C:\Users\raghu\datasets\skin\SkinDisease\train\Actinic_Keratosis\actinic-keratosis-horn-1.jpeg,train,C:\Users\raghu\datasets\skin\SkinDisease\train\Actinic_Keratosis\actinic-keratosis-horn-2.jpeg,3,1
train,C:\Users\raghu\datasets\skin\SkinDisease\train\Actinic_Keratosis\actinic-keratosis-lesion-37.jpeg,train,C:\Users\raghu\datasets\skin\SkinDisease\train\Actinic_Keratosis\PAT_1130_501_181.png,3,1
train,C:\Users\raghu\datasets\skin\SkinDisease\train\Actinic_Keratosis\actinic-keratosis-pigmented-1.jpeg,train,C:\Users\raghu\datasets\skin\SkinDisease\train\SkinCancer\basal-cell-carcinoma-pigmented-1.jpeg,3,0
train,C:\Users\raghu\datasets\skin\SkinDisease\train\Actinic_Keratosis\image8.jpeg,train,C:\Users\raghu\datasets\skin\SkinDisease\train\Actinic_Keratosis\images17.jpeg,3,1
train,C:\Users\raghu\datasets\skin\SkinDisease\train\Benign_tumors\dermatofibroma-106.jpeg,train,C:\Users\raghu\datasets\skin\SkinDisease\train\SkinCancer\basal-cell-carcinoma-lesion-57.jpeg,3,0
train,C:\Users\raghu\datasets\skin\SkinDisease\train\Benign_tumors\epidermal-cyst-104.jpeg,train,C:\Users\raghu\datasets\skin\SkinDisease\train\Benign_tumors\epidermal-cyst-107.jpeg,3,1
train,C:\Users\raghu\datasets\skin\SkinDisease\train\Benign_tumors\epidermal-cyst-161.jpeg,train,C:\Users\raghu\datasets\skin\SkinDisease\train\SkinCancer\basal-cell-carcinoma-lesion-55.jpeg,3,0
train,C:\Users\raghu\datasets\skin\SkinDisease\train\Benign_tumors\epidermal-nevus-12.jpeg,train,C:\Users\raghu\datasets\skin\SkinDisease\train\Benign_tumors\epidermal-nevus-4.jpeg,3,1
train,C:\Users\raghu\datasets\skin\SkinDisease\train\Benign_tumors\epidermal-nevus-47.jpeg,train,C:\Users\raghu\datasets\skin\SkinDisease\train\Actinic_Keratosis\actinic-keratosis-5FU-33.jpeg,3,0
train,C:\Users\raghu\datasets\skin\SkinDisease\train\Benign_tumors\epidermal-nevus-9.jpeg,train,C:\Users\raghu\datasets\skin\SkinDisease\train\Benign_tumors\leiomyomata-7.jpeg,3,1
train,C:\Users\raghu\datasets\skin\SkinDisease\train\Benign_tumors\keloids-4.jpeg,train,C:\Users\raghu\datasets\skin\SkinDisease\train\Eczema\eczema-nummular-175.jpeg,3,0
train,C:\Users\raghu\datasets\skin\SkinDisease\train\Benign_tumors\keratoacanthoma-117.jpeg,train,C:\Users\raghu\datasets\skin\SkinDisease\train\Warts\warts-common-41.jpeg,3,0
train,C:\Users\raghu\datasets\skin\SkinDisease\train\Benign_tumors\keratoacanthoma-123.jpeg,train,C:\Users\raghu\datasets\skin\SkinDisease\train\SkinCancer\basal-cell-carcinoma-lesion-70.jpeg,3,0
train,C:\Users\raghu\datasets\skin\SkinDisease\train\Benign_tumors\keratoacanthoma-94.jpeg,train,C:\Users\raghu\datasets\skin\SkinDisease\train\Benign_tumors\keratoacanthoma-95.jpeg,3,1
train,C:\Users\raghu\datasets\skin\SkinDisease\train\Benign_tumors\lymphocytic-infiltrate-jessner-1.jpeg,train,C:\Users\raghu\datasets\skin\SkinDisease\train\Eczema\eczema-asteatotic-30.jpeg,3,0
train,C:\Users\raghu\datasets\skin\SkinDisease\train\Benign_tumors\neurofibromas-18.jpeg,train,C:\Users\raghu\datasets\skin\SkinDisease\train\Benign_tumors\leiomyomata-1.jpeg,3,1
train,C:\Users\raghu\datasets\skin\SkinDisease\train\Benign_tumors\neurofibromas-3.jpeg,train,C:\Users\raghu\datasets\skin\SkinDisease\train\Acne\acne-open-comedo-12.jpeg,3,0
train,C:\Users\raghu\datasets\skin\SkinDisease\train\Benign_tumors\neurofibromas-9.jpeg,train,C:\Users\raghu\datasets\skin\SkinDisease\train\Eczema\eczema-nummular-183.jpeg,3,0
train,C:\Users\raghu\datasets\skin\SkinDisease\train\Benign_tumors\porokeratosis-16.jpeg,train,C:\Users\raghu\datasets\skin\SkinDisease\train\Acne\acne-open-comedo-12.jpeg,3,0
train,C:\Users\raghu\datasets\skin\SkinDisease\train\Benign_tumors\porokeratosis-58.jpeg,train,C:\Users\raghu\datasets\skin\SkinDisease\train\Benign_tumors\epidermal-cyst-154.jpeg,3,1
train,C:\Users\raghu\datasets\skin\SkinDisease\train\Benign_tumors\sebaceous-hyperplasia-103.jpeg,train,C:\Users\raghu\datasets\skin\SkinDisease\train\Eczema\eczema-asteatotic-35.jpeg,3,0
train,C:\Users\raghu\datasets\skin\SkinDisease\train\Benign_tumors\sebaceous-hyperplasia-41.jpeg,train,C:\Users\raghu\datasets\skin\SkinDisease\train\Benign_tumors\sebaceous-hyperplasia-51.jpeg,3,1
train,C:\Users\raghu\datasets\skin\SkinDisease\train\Benign_tumors\sebaceous-hyperplasia-92.jpeg,train,C:\Users\raghu\datasets\skin\SkinDisease\train\Benign_tumors\sebaceous-hyperplasia-96.jpeg,3,1
train,C:\Users\raghu\datasets\skin\SkinDisease\train\Benign_tumors\skin-tags-polyps-13.jpeg,train,C:\Users\raghu\datasets\skin\SkinDisease\train\Actinic_Keratosis\PAT_1282_978_328.png,3,0
train,C:\Users\raghu\datasets\skin\SkinDisease\train\Benign_tumors\skin-tags-polyps-25.jpeg,train,C:\Users\raghu\datasets\skin\SkinDisease\train\Actinic_Keratosis\ISIC_0029141.jpg,3,0
train,C:\Users\raghu\datasets\skin\SkinDisease\train\Benign_tumors\skin-tags-polyps-52.jpeg,train,C:\Users\raghu\datasets\skin\SkinDisease\train\Eczema\eczema-asteatotic-49.jpeg,3,0
train,C:\Users\raghu\datasets\skin\SkinDisease\train\Benign_tumors\skin-tags-polyps-63.jpeg,train,C:\Users\raghu\datasets\skin\SkinDisease\train\SkinCancer\ctcl-30.jpeg,3,0
train,C:\Users\raghu\datasets\skin\SkinDisease\train\Benign_tumors\syringoma-49.jpeg,train,C:\Users\raghu\datasets\skin\SkinDisease\train\Benign_tumors\neurofibromas-16.jpeg,3,1
train,C:\Users\raghu\datasets\skin\SkinDisease\train\Eczema\eczema-areola-15.jpeg,train,C:\Users\raghu\datasets\skin\SkinDisease\train\Eczema\eczema-areola-16.jpeg,3,1
train,C:\Users\raghu\datasets\skin\SkinDisease\train\Eczema\eczema-asteatotic-32.jpeg,train,C:\Users\raghu\datasets\skin\SkinDisease\train\Benign_tumors\keratoacanthoma-131.jpeg,3,0
train,C:\Users\raghu\datasets\skin\SkinDisease\train\Eczema\eczema-asteatotic-46.jpeg,train,C:\Users\raghu\datasets\skin\SkinDisease\train\Benign_tumors\neurofibromas-13.jpeg,3,0
train,C:\Users\raghu\datasets\skin\SkinDisease\train\Eczema\eczema-asteatotic-50.jpeg,train,C:\Users\raghu\datasets\skin\SkinDisease\train\Eczema\eczema-nummular-191.jpeg,3,1
train,C:\Users\raghu\datasets\skin\SkinDisease\train\Eczema\eczema-foot-68.jpeg,train,C:\Users\raghu\datasets\skin\SkinDisease\train\Eczema\eczema-fingertips-81.jpeg,3,1
train,C:\Users\raghu\datasets\skin\SkinDisease\train\Eczema\eczema-nummular-121.jpeg,train,C:\Users\raghu\datasets\skin\SkinDisease\train\Benign_tumors\epidermal-nevus-22.jpeg,3,0
train,C:\Users\raghu\datasets\skin\SkinDisease\train\Eczema\eczema-nummular-129.jpeg,train,C:\Users\raghu\datasets\skin\SkinDisease\train\Eczema\eczema-fingertips-88.jpeg,3,1
train,C:\Users\raghu\datasets\skin\SkinDisease\train\Eczema\eczema-nummular-167.jpeg,train,C:\Users\raghu\datasets\skin\SkinDisease\train\Vasculitis\schamberg-disease-59.jpeg,3,0
train,C:\Users\raghu\datasets\skin\SkinDisease\train\Eczema\eczema-nummular-170.jpeg,train,C:\Users\raghu\datasets\skin\SkinDisease\train\Warts\warts-flat-46.jpeg,3,0
train,C:\Users\raghu\datasets\skin\SkinDisease\train\Eczema\eczema-nummular-175.jpeg,train,C:\Users\raghu\datasets\skin\SkinDisease\train\Benign_tumors\neurofibromas-8.jpeg,3,0
train,C:\Users\raghu\datasets\skin\SkinDisease\train\Eczema\eczema-nummular-93.jpeg,train,C:\Users\raghu\datasets\skin\SkinDisease\train\Warts\warts-flat-26.jpeg,3,0
train,C:\Users\raghu\datasets\skin\SkinDisease\train\Eczema\eczema-subacute-104.jpeg,train,C:\Users\raghu\datasets\skin\SkinDisease\train\Actinic_Keratosis\images199.jpeg,3,0
train,C:\Users\raghu\datasets\skin\SkinDisease\train\Eczema\eczema-subacute-3.jpeg,train,C:\Users\raghu\datasets\skin\SkinDisease\train\Benign_tumors\epidermal-nevus-71.jpeg,3,0
train,C:\Users\raghu\datasets\skin\SkinDisease\train\Lupus\lupus-chronic-cutaneous-123.jpeg,train,C:\Users\raghu\datasets\skin\SkinDisease\train\Actinic_Keratosis\PAT_1282_978_328.png,3,0
train,C:\Users\raghu\datasets\skin\SkinDisease\train\Lupus\sle-58__ProtectWyJQcm90ZWN0Il0_FocusFillWzI5NCwyMjIsIngiLDFd.jpeg,train,C:\Users\raghu\datasets\skin\SkinDisease\train\Acne\acne-face-55__ProtectWyJQcm90ZWN0Il0_FocusFillWzI5NCwyMjIsIngiLDFd.jpeg,3,0
train,C:\Users\raghu\datasets\skin\SkinDisease\train\SkinCancer\266.jpg,train,C:\Users\raghu\datasets\skin\SkinDisease\train\SkinCancer\267.jpg,3,1
train,C:\Users\raghu\datasets\skin\SkinDisease\train\SkinCancer\295.jpg,train,C:\Users\raghu\datasets\skin\SkinDisease\train\SkinCancer\293.jpg,3,1
train,C:\Users\raghu\datasets\skin\SkinDisease\train\SkinCancer\basal-cell-carcinoma-face-2.jpeg,train,C:\Users\raghu\datasets\skin\SkinDisease\train\SkinCancer\basal-cell-carcinoma-lesion-51.jpeg,3,1
train,C:\Users\raghu\datasets\skin\SkinDisease\train\SkinCancer\basal-cell-carcinoma-lesion-112.jpeg,train,C:\Users\raghu\datasets\skin\SkinDisease\train\Warts\warts-common-6.jpeg,3,0
train,C:\Users\raghu\datasets\skin\SkinDisease\train\SkinCancer\basal-cell-carcinoma-lesion-14.jpeg,train,C:\Users\raghu\datasets\skin\SkinDisease\train\SkinCancer\basal-cell-carcinoma-superficial-7.jpeg,3,1
train,C:\Users\raghu\datasets\skin\SkinDisease\train\SkinCancer\basal-cell-carcinoma-superficial-19.jpeg,train,C:\Users\raghu\datasets\skin\SkinDisease\train\Actinic_Keratosis\PAT_1130_501_181.png,3,0
train,C:\Users\raghu\datasets\skin\SkinDisease\train\SkinCancer\basal-cell-carcinoma-superficial-34.jpeg,train,C:\Users\raghu\datasets\skin\SkinDisease\train\Warts\warts-common-22.jpeg,3,0
train,C:\Users\raghu\datasets\skin\SkinDisease\train\SkinCancer\basal-cell-carcinoma-superficial-6.jpeg,train,C:\Users\raghu\datasets\skin\SkinDisease\train\SkinCancer\basal-cell-carcinoma-superficial-12.jpeg,3,1
train,C:\Users\raghu\datasets\skin\SkinDisease\train\SkinCancer\basal-cell-nevus-syndrome-19.jpeg,train,C:\Users\raghu\datasets\skin\SkinDisease\train\Benign_tumors\keloids-5.jpeg,3,0
train,C:\Users\raghu\datasets\skin\SkinDisease\train\SkinCancer\ctcl-119.jpeg,train,C:\Users\raghu\datasets\skin\SkinDisease\train\Vasculitis\erythema-nodosum-12.jpeg,3,0
train,C:\Users\raghu\datasets\skin\SkinDisease\train\SkinCancer\ctcl-24.jpeg,train,C:\Users\raghu\datasets\skin\SkinDisease\train\SkinCancer\ctcl-58.jpeg,3,1
train,C:\Users\raghu\datasets\skin\SkinDisease\train\SkinCancer\ctcl-52.jpeg,train,C:\Users\raghu\datasets\skin\SkinDisease\train\Actinic_Keratosis\images64.jpeg,3,0
train,C:\Users\raghu\datasets\skin\SkinDisease\train\SkinCancer\ctcl-90.jpeg,train,C:\Users\raghu\datasets\skin\SkinDisease\train\Eczema\eczema-nummular-20.jpeg,3,0
train,C:\Users\raghu\datasets\skin\SkinDisease\train\Vasculitis\erythema-nodosum-16.jpeg,train,C:\Users\raghu\datasets\skin\SkinDisease\train\Vasculitis\erythema-nodosum-18.jpeg,3,1
train,C:\Users\raghu\datasets\skin\SkinDisease\train\Vasculitis\henoch-schonlein-purpura-23.jpeg,train,C:\Users\raghu\datasets\skin\SkinDisease\train\Eczema\eczema-asteatotic-29.jpeg,3,0
train,C:\Users\raghu\datasets\skin\SkinDisease\train\Vasculitis\interstitial-granulomatous-dermatitis-16.jpeg,train,C:\Users\raghu\datasets\skin\SkinDisease\train\Benign_tumors\porokeratosis-48.jpeg,3,0
train,C:\Users\raghu\datasets\skin\SkinDisease\train\Vasculitis\schamberg-disease-1.jpeg,train,C:\Users\raghu\datasets\skin\SkinDisease\train\Benign_tumors\nevus-sebaceous-32.jpeg,3,0
train,C:\Users\raghu\datasets\skin\SkinDisease\train\Vasculitis\schamberg-disease-42.jpeg,train,C:\Users\raghu\datasets\skin\SkinDisease\train\Vasculitis\schamberg-disease-74.jpeg,3,1
train,C:\Users\raghu\datasets\skin\SkinDisease\train\Vasculitis\sweets-syndrome-1.jpeg,train,C:\Users\raghu\datasets\skin\SkinDisease\train\Vasculitis\sweets-syndrome-5.jpeg,3,1
train,C:\Users\raghu\datasets\skin\SkinDisease\train\Vasculitis\sweets-syndrome-9.jpeg,train,C:\Users\raghu\datasets\skin\SkinDisease\train\Vasculitis\pyoderma-gangrenosum-12.jpeg,3,1
train,C:\Users\raghu\datasets\skin\SkinDisease\train\Vasculitis\vasculitis-107.jpeg,train,C:\Users\raghu\datasets\skin\SkinDisease\train\Eczema\eczema-chronic-22.jpeg,3,0
train,C:\Users\raghu\datasets\skin\SkinDisease\train\Vasculitis\vasculitis-6.jpeg,train,C:\Users\raghu\datasets\skin\SkinDisease\train\Benign_tumors\neurofibromas-9.jpeg,3,0
train,C:\Users\raghu\datasets\skin\SkinDisease\train\Warts\warts-common-29.jpeg,train,C:\Users\raghu\datasets\skin\SkinDisease\train\Eczema\eczema-asteatotic-49.jpeg,3,0
train,C:\Users\raghu\datasets\skin\SkinDisease\train\Warts\warts-digitate-12.jpeg,train,C:\Users\raghu\datasets\skin\SkinDisease\train\SkinCancer\basal-cell-carcinoma-lesion-64.jpeg,3,0
train,C:\Users\raghu\datasets\skin\SkinDisease\train\Warts\warts-flat-30.jpeg,train,C:\Users\raghu\datasets\skin\SkinDisease\train\Actinic_Keratosis\PAT_1130_501_181.png,3,0
train,C:\Users\raghu\datasets\skin\SkinDisease\train\Warts\warts-flat-35.jpeg,train,C:\Users\raghu\datasets\skin\SkinDisease\train\Eczema\eczema-asteatotic-42.jpeg,3,0
train,C:\Users\raghu\datasets\skin\SkinDisease\train\Warts\warts-flat-36.jpeg,train,C:\Users\raghu\datasets\skin\SkinDisease\train\Warts\warts-plantar-11.jpeg,3,1
train,C:\Users\raghu\datasets\skin\SkinDisease\train\Warts\warts-periungual-12.jpeg,train,C:\Users\raghu\datasets\skin\SkinDisease\train\Benign_tumors\nevus-sebaceous-32.jpeg,3,0
train,C:\Users\raghu\datasets\skin\SkinDisease\train\Warts\warts-periungual-9.jpeg,train,C:\Users\raghu\datasets\skin\SkinDisease\train\Eczema\eczema-asteatotic-35.jpeg,3,0
train,C:\Users\raghu\datasets\skin\SkinDisease\train\Warts\warts-plantar-11.jpeg,train,C:\Users\raghu\datasets\skin\SkinDisease\train\Lupus\sle-58__ProtectWyJQcm90ZWN0Il0_FocusFillWzI5NCwyMjIsIngiLDFd.jpeg,3,0
train,C:\Users\raghu\datasets\skin\SkinDisease\train\Warts\warts-plantar-28.jpeg,train,C:\Users\raghu\datasets\skin\SkinDisease\train\Acne\acne-open-comedo-12.jpeg,3,0
train,C:\Users\raghu\datasets\skin\SkinDisease\train\Warts\warts-plantar-83.jpeg,train,C:\Users\raghu\datasets\skin\SkinDisease\train\Actinic_Keratosis\PAT_1282_978_328.png,3,0
valid,C:\Users\raghu\datasets\skin\SkinDisease\valid\Acne\acne-closed-comedo-003.jpeg,valid,C:\Users\raghu\datasets\skin\SkinDisease\valid\Acne\acne-closed-comedo-12.jpeg,3,1
valid,C:\Users\raghu\datasets\skin\SkinDisease\valid\Acne\acne-closed-comedo-5.jpeg,valid,C:\Users\raghu\datasets\skin\SkinDisease\valid\Actinic_Keratosis\452__ProtectWyJQcm90ZWN0Il0_FocusFillWzI5NCwyMjIsIngiLDFd.jpeg,3,0
valid,C:\Users\raghu\datasets\skin\SkinDisease\valid\Acne\acne-closed-comedo-6.jpeg,valid,C:\Users\raghu\datasets\skin\SkinDisease\valid\Acne\acne-closed-comedo-7.jpeg,3,1
valid,C:\Users\raghu\datasets\skin\SkinDisease\valid\Acne\acne-cystic-14.jpeg,valid,C:\Users\raghu\datasets\skin\SkinDisease\valid\Actinic_Keratosis\420__ProtectWyJQcm90ZWN0Il0_FocusFillWzI5NCwyMjIsIngiLDFd.jpeg,3,0
valid,C:\Users\raghu\datasets\skin\SkinDisease\valid\Actinic_Keratosis\493__ProtectWyJQcm90ZWN0Il0_FocusFillWzI5NCwyMjIsIngiLDFd.jpeg,valid,C:\Users\raghu\datasets\skin\SkinDisease\valid\Actinic_Keratosis\420__ProtectWyJQcm90ZWN0Il0_FocusFillWzI5NCwyMjIsIngiLDFd.jpeg,3,1
valid,C:\Users\raghu\datasets\skin\SkinDisease\valid\Actinic_Keratosis\565__ProtectWyJQcm90ZWN0Il0_FocusFillWzI5NCwyMjIsIngiLDFd.jpeg,valid,C:\Users\raghu\datasets\skin\SkinDisease\valid\Vasculitis\erythema-multiforme-101.jpeg,3,0
valid,C:\Users\raghu\datasets\skin\SkinDisease\valid\Benign_tumors\accessory-nipple-8.jpeg,valid,C:\Users\raghu\datasets\skin\SkinDisease\valid\Benign_tumors\dermatofibroma-63.jpeg,3,1
valid,C:\Users\raghu\datasets\skin\SkinDisease\valid\Benign_tumors\dermatofibroma-89.jpeg,valid,C:\Users\raghu\datasets\skin\SkinDisease\valid\Benign_tumors\dermatofibroma-63.jpeg,3,1
valid,C:\Users\raghu\datasets\skin\SkinDisease\valid\Eczema\05AtopicDerm0112042.jpeg,valid,C:\Users\raghu\datasets\skin\SkinDisease\valid\Eczema\05Atopic0322042.jpeg,3,1
valid,C:\Users\raghu\datasets\skin\SkinDisease\valid\Eczema\05AtopicPop1.jpeg,valid,C:\Users\raghu\datasets\skin\SkinDisease\valid\Eczema\05Atopic12060425.jpeg,3,1
valid,C:\Users\raghu\datasets\skin\SkinDisease\valid\Eczema\05atopicAdult1118051.jpeg,valid,C:\Users\raghu\datasets\skin\SkinDisease\valid\Eczema\05Atopic12060426.jpeg,3,1
valid,C:\Users\raghu\datasets\skin\SkinDisease\valid\Eczema\05atopicChild0828063.jpeg,valid,C:\Users\raghu\datasets\skin\SkinDisease\valid\Lupus\2550__ProtectWyJQcm90ZWN0Il0_FocusFillWzI5NCwyMjIsIngiLDFd.jpeg,3,0
valid,C:\Users\raghu\datasets\skin\SkinDisease\valid\Eczema\3Eczema3-291.jpeg,valid,C:\Users\raghu\datasets\skin\SkinDisease\valid\Acne\acne-closed-comedo-13.jpeg,3,0
valid,C:\Users\raghu\datasets\skin\SkinDisease\valid\Lupus\2543__ProtectWyJQcm90ZWN0Il0_FocusFillWzI5NCwyMjIsIngiLDFd.jpeg,valid,C:\Users\raghu\datasets\skin\SkinDisease\valid\Eczema\05Atopic12060422.jpeg,3,0
valid,C:\Users\raghu\datasets\skin\SkinDisease\valid\Lupus\2566__ProtectWyJQcm90ZWN0Il0_FocusFillWzI5NCwyMjIsIngiLDFd.jpeg,valid,C:\Users\raghu\datasets\skin\SkinDisease\valid\Actinic_Keratosis\565__ProtectWyJQcm90ZWN0Il0_FocusFillWzI5NCwyMjIsIngiLDFd.jpeg,3,0
valid,C:\Users\raghu\datasets\skin\SkinDisease\valid\Vasculitis\erythema-multiforme-16.jpeg,valid,C:\Users\raghu\datasets\skin\SkinDisease\valid\Actinic_Keratosis\PAT_1547_1876_839.png,3,0
valid,C:\Users\raghu\datasets\skin\SkinDisease\valid\Vasculitis\erythema-multiforme-98.jpeg,valid,C:\Users\raghu\datasets\skin\SkinDisease\valid\Vasculitis\erythema-multiforme-99.jpeg,3,1
valid,C:\Users\raghu\datasets\skin\SkinDisease\valid\Acne\acne-closed-comedo-5.jpeg,train,C:\Users\raghu\datasets\skin\SkinDisease\train\Benign_tumors\dermatofibroma-127.jpeg,4,0
valid,C:\Users\raghu\datasets\skin\SkinDisease\valid\Acne\acne-closed-comedo-7.jpeg,train,C:\Users\raghu\datasets\skin\SkinDisease\train\Lupus\lupus-acute-36.jpeg,4,0
valid,C:\Users\raghu\datasets\skin\SkinDisease\valid\Acne\acne-cystic-28.jpeg,train,C:\Users\raghu\datasets\skin\SkinDisease\train\Actinic_Keratosis\PAT_384_782_292.png,4,0
valid,C:\Users\raghu\datasets\skin\SkinDisease\valid\Acne\acne-cystic-33.jpeg,train,C:\Users\raghu\datasets\skin\SkinDisease\train\Actinic_Keratosis\actinic-keratosis-face-56.jpeg,4,0
valid,C:\Users\raghu\datasets\skin\SkinDisease\valid\Actinic_Keratosis\261__ProtectWyJQcm90ZWN0Il0_FocusFillWzI5NCwyMjIsIngiLDFd.jpeg,train,C:\Users\raghu\datasets\skin\SkinDisease\train\Benign_tumors\epidermal-nevus-27.jpeg,4,0
valid,C:\Users\raghu\datasets\skin\SkinDisease\valid\Actinic_Keratosis\297__ProtectWyJQcm90ZWN0Il0_FocusFillWzI5NCwyMjIsIngiLDFd.jpeg,train,C:\Users\raghu\datasets\skin\SkinDisease\train\Warts\warts-flat-64.jpeg,4,0
valid,C:\Users\raghu\datasets\skin\SkinDisease\valid\Actinic_Keratosis\569__ProtectWyJQcm90ZWN0Il0_FocusFillWzI5NCwyMjIsInkiLDg1XQ.jpeg,train,C:\Users\raghu\datasets\skin\SkinDisease\train\Eczema\eczema-hand-181.jpeg,4,0
valid,C:\Users\raghu\datasets\skin\SkinDisease\valid\Actinic_Keratosis\PAT_1531_1800_683.png,train,C:\Users\raghu\datasets\skin\SkinDisease\train\Benign_tumors\sebaceous-hyperplasia-36.jpeg,4,0
valid,C:\Users\raghu\datasets\skin\SkinDisease\valid\Actinic_Keratosis\PAT_1615_2749_350.png,train,C:\Users\raghu\datasets\skin\SkinDisease\train\Actinic_Keratosis\actinic-keratosis-face-49.jpeg,4,1
valid,C:\Users\raghu\datasets\skin\SkinDisease\valid\Actinic_Keratosis\PAT_1811_3487_560.png,train,C:\Users\raghu\datasets\skin\SkinDisease\train\Eczema\eczema-asteatotic-46.jpeg,4,0
valid,C:\Users\raghu\datasets\skin\SkinDisease\valid\Benign_tumors\12.jpg,train,C:\Users\raghu\datasets\skin\SkinDisease\train\Benign_tumors\dermatofibroma-127.jpeg,4,1
valid,C:\Users\raghu\datasets\skin\SkinDisease\valid\Benign_tumors\42.jpg,train,C:\Users\raghu\datasets\skin\SkinDisease\train\Benign_tumors\dermatofibroma-127.jpeg,4,1
valid,C:\Users\raghu\datasets\skin\SkinDisease\valid\Benign_tumors\dermatofibroma-26.jpeg,train,C:\Users\raghu\datasets\skin\SkinDisease\train\Benign_tumors\dermatofibroma-133.jpeg,4,1
valid,C:\Users\raghu\datasets\skin\SkinDisease\valid\Benign_tumors\dermatofibroma-57.jpeg,train,C:\Users\raghu\datasets\skin\SkinDisease\train\SkinCancer\basal-cell-carcinoma-lesion-62.jpeg,4,0
valid,C:\Users\raghu\datasets\skin\SkinDisease\valid\Benign_tumors\dermatofibroma-73.jpeg,train,C:\Users\raghu\datasets\skin\SkinDisease\train\Acne\acne-open-comedo-12.jpeg,4,0
valid,C:\Users\raghu\datasets\skin\SkinDisease\valid\Benign_tumors\dermatofibroma-81.jpeg,train,C:\Users\raghu\datasets\skin\SkinDisease\train\Benign_tumors\keratoacanthoma-142.jpeg,4,1
valid,C:\Users\raghu\datasets\skin\SkinDisease\valid\Benign_tumors\dermatofibroma-89.jpeg,train,C:\Users\raghu\datasets\skin\SkinDisease\train\Benign_tumors\keratoacanthoma-123.jpeg,4,1
valid,C:\Users\raghu\datasets\skin\SkinDisease\valid\Eczema\05Atopic03290446.jpeg,train,C:\Users\raghu\datasets\skin\SkinDisease\train\Benign_tumors\porokeratosis-48.jpeg,4,0
valid,C:\Users\raghu\datasets\skin\SkinDisease\valid\Eczema\05Atopic071204.jpeg,train,C:\Users\raghu\datasets\skin\SkinDisease\train\Vasculitis\erythema-nodosum-15.jpeg,4,0
valid,C:\Users\raghu\datasets\skin\SkinDisease\valid\Eczema\05Atopic1206046.jpeg,train,C:\Users\raghu\datasets\skin\SkinDisease\train\Eczema\eczema-nummular-175.jpeg,4,1
valid,C:\Users\raghu\datasets\skin\SkinDisease\valid\Eczema\05atopic022805.jpeg,train,C:\Users\raghu\datasets\skin\SkinDisease\train\Eczema\eczema-nummular-191.jpeg,4,1
valid,C:\Users\raghu\datasets\skin\SkinDisease\valid\Eczema\05atopic0411056.jpeg,train,C:\Users\raghu\datasets\skin\SkinDisease\train\Warts\warts-periungual-9.jpeg,4,0
valid,C:\Users\raghu\datasets\skin\SkinDisease\valid\Eczema\05atopicAdult111805.jpeg,train,C:\Users\raghu\datasets\skin\SkinDisease\train\SkinCancer\basal-cell-carcinoma-lesion-87.jpeg,4,0
valid,C:\Users\raghu\datasets\skin\SkinDisease\valid\Eczema\05atopicChild0828061.jpeg,train,C:\Users\raghu\datasets\skin\SkinDisease\train\Vasculitis\schamberg-disease-71.jpeg,4,0
valid,C:\Users\raghu\datasets\skin\SkinDisease\valid\Eczema\05atopicDerm0328051.jpeg,train,C:\Users\raghu\datasets\skin\SkinDisease\train\Vasculitis\henoch-schonlein-purpura-23.jpeg,4,0
valid,C:\Users\raghu\datasets\skin\SkinDisease\valid\SkinCancer\137.jpg,train,C:\Users\raghu\datasets\skin\SkinDisease\train\Eczema\eczema-asteatotic-49.jpeg,4,0
valid,C:\Users\raghu\datasets\skin\SkinDisease\valid\SkinCancer\143.jpg,train,C:\Users\raghu\datasets\skin\SkinDisease\train\Actinic_Keratosis\ISIC_0030586.jpg,4,0
valid,C:\Users\raghu\datasets\skin\SkinDisease\valid\SkinCancer\158.jpg,train,C:\Users\raghu\datasets\skin\SkinDisease\train\Benign_tumors\dermatofibroma-100.jpeg,4,0
valid,C:\Users\raghu\datasets\skin\SkinDisease\valid\SkinCancer\168.jpg,train,C:\Users\raghu\datasets\skin\SkinDisease\train\SkinCancer\basal-cell-carcinoma-lesion-121.jpeg,4,1
valid,C:\Users\raghu\datasets\skin\SkinDisease\valid\SkinCancer\169.jpg,train,C:\Users\raghu\datasets\skin\SkinDisease\train\Acne\acne-cystic-110.jpeg,4,0
valid,C:\Users\raghu\datasets\skin\SkinDisease\valid\SkinCancer\83.jpg,train,C:\Users\raghu\datasets\skin\SkinDisease\train\SkinCancer\malignant-melanoma-116.jpeg,4,1
valid,C:\Users\raghu\datasets\skin\SkinDisease\valid\Vasculitis\erythema-multiforme-134.jpeg,train,C:\Users\raghu\datasets\skin\SkinDisease\train\Benign_tumors\porokeratosis-48.jpeg,4,0
valid,C:\Users\raghu\datasets\skin\SkinDisease\valid\Vasculitis\erythema-multiforme-135.jpeg,train,C:\Users\raghu\datasets\skin\SkinDisease\train\Benign_tumors\porokeratosis-48.jpeg,4,0
valid,C:\Users\raghu\datasets\skin\SkinDisease\valid\Vasculitis\erythema-multiforme-144.jpeg,train,C:\Users\raghu\datasets\skin\SkinDisease\train\Benign_tumors\epidermal-nevus-71.jpeg,4,0
valid,C:\Users\raghu\datasets\skin\SkinDisease\valid\Vasculitis\erythema-multiforme-86.jpeg,train,C:\Users\raghu\datasets\skin\SkinDisease\train\Benign_tumors\epidermal-nevus-24.jpeg,4,0
valid,C:\Users\raghu\datasets\skin\SkinDisease\valid\Vasculitis\erythema-multiforme-98.jpeg,train,C:\Users\raghu\datasets\skin\SkinDisease\train\Benign_tumors\porokeratosis-48.jpeg,4,0
test,C:\Users\raghu\datasets\skin\SkinDisease\test\Acne\157__ProtectWyJQcm90ZWN0Il0_FocusFillWzI5NCwyMjIsIngiLDFd.jpeg,train,C:\Users\raghu\datasets\skin\SkinDisease\train\Eczema\eczema-asteatotic-37.jpeg,4,0
test,C:\Users\raghu\datasets\skin\SkinDisease\test\Acne\acne-cystic-84.jpeg,train,C:\Users\raghu\datasets\skin\SkinDisease\train\Acne\acne-cystic-112.jpeg,4,1
test,C:\Users\raghu\datasets\skin\SkinDisease\test\Acne\acne-face-5-9__ProtectWyJQcm90ZWN0Il0_FocusFillWzI5NCwyMjIsIngiLDFd.jpeg,train,C:\Users\raghu\datasets\skin\SkinDisease\train\Benign_tumors\epidermal-nevus-71.jpeg,4,0
test,C:\Users\raghu\datasets\skin\SkinDisease\test\Acne\acne-open-comedo-72.jpeg,train,C:\Users\raghu\datasets\skin\SkinDisease\train\Acne\acne-face-55__ProtectWyJQcm90ZWN0Il0_FocusFillWzI5NCwyMjIsIngiLDFd.jpeg,4,1
test,C:\Users\raghu\datasets\skin\SkinDisease\test\Actinic_Keratosis\3747__ProtectWyJQcm90ZWN0Il0_FocusFillWzI5NCwyMjIsIngiLDFd.jpeg,train,C:\Users\raghu\datasets\skin\SkinDisease\train\Vasculitis\schamberg-disease-59.jpeg,4,0
test,C:\Users\raghu\datasets\skin\SkinDisease\test\Actinic_Keratosis\PAT_2011_4140_988.png,train,C:\Users\raghu\datasets\skin\SkinDisease\train\Actinic_Keratosis\PAT_1373_1283_85.png,4,1
test,C:\Users\raghu\datasets\skin\SkinDisease\test\Actinic_Keratosis\PAT_2018_4167_11.png,train,C:\Users\raghu\datasets\skin\SkinDisease\train\Warts\warts-common-63.jpeg,4,0
test,C:\Users\raghu\datasets\skin\SkinDisease\test\Actinic_Keratosis\PAT_2050_4350_36.png,train,C:\Users\raghu\datasets\skin\SkinDisease\train\Warts\warts-plantar-27.jpeg,4,0
test,C:\Users\raghu\datasets\skin\SkinDisease\test\Actinic_Keratosis\PAT_2079_4480_586.png,train,C:\Users\raghu\datasets\skin\SkinDisease\train\Benign_tumors\keloids-11.jpeg,4,0
test,C:\Users\raghu\datasets\skin\SkinDisease\test\Actinic_Keratosis\PAT_2081_4488_57.png,train,C:\Users\raghu\datasets\skin\SkinDisease\train\SkinCancer\basal-cell-carcinoma-superficial-40.jpeg,4,0
test,C:\Users\raghu\datasets\skin\SkinDisease\test\Benign_tumors\dermatofibroma-15.jpeg,train,C:\Users\raghu\datasets\skin\SkinDisease\train\SkinCancer\basal-cell-carcinoma-lesion-55.jpeg,4,0
test,C:\Users\raghu\datasets\skin\SkinDisease\test\Benign_tumors\skin-tags-polyps-2.jpeg,train,C:\Users\raghu\datasets\skin\SkinDisease\train\Benign_tumors\skin-tags-polyps-33.jpeg,4,1
test,C:\Users\raghu\datasets\skin\SkinDisease\test\Eczema\eczema-areola-6.jpeg,train,C:\Users\raghu\datasets\skin\SkinDisease\train\Benign_tumors\neurofibromas-3.jpeg,4,0
test,C:\Users\raghu\datasets\skin\SkinDisease\test\Eczema\eczema-foot-67.jpeg,train,C:\Users\raghu\datasets\skin\SkinDisease\train\Benign_tumors\epidermal-nevus-71.jpeg,4,0
test,C:\Users\raghu\datasets\skin\SkinDisease\test\Eczema\eczema-nummular-190.jpeg,train,C:\Users\raghu\datasets\skin\SkinDisease\train\Benign_tumors\leiomyomata-1.jpeg,4,0
test,C:\Users\raghu\datasets\skin\SkinDisease\test\Eczema\eczema-subacute-90.jpeg,train,C:\Users\raghu\datasets\skin\SkinDisease\train\Actinic_Keratosis\images139.jpeg,4,0
test,C:\Users\raghu\datasets\skin\SkinDisease\test\Lupus\lupus-chronic-cutaneous-68.jpeg,train,C:\Users\raghu\datasets\skin\SkinDisease\train\Actinic_Keratosis\actinic-keratosis-hero.jpeg,4,0
test,C:\Users\raghu\datasets\skin\SkinDisease\test\SkinCancer\basal-cell-carcinoma-ear-7.jpeg,train,C:\Users\raghu\datasets\skin\SkinDisease\train\SkinCancer\basal-cell-carcinoma-ear-8.jpeg,4,1
test,C:\Users\raghu\datasets\skin\SkinDisease\test\SkinCancer\basal-cell-carcinoma-face-29.jpeg,train,C:\Users\raghu\datasets\skin\SkinDisease\train\Acne\acne-open-comedo-12.jpeg,4,0
test,C:\Users\raghu\datasets\skin\SkinDisease\test\SkinCancer\basal-cell-carcinoma-superficial-18.jpeg,train,C:\Users\raghu\datasets\skin\SkinDisease\train\Actinic_Keratosis\PAT_1443_1536_166.png,4,0
test,C:\Users\raghu\datasets\skin\SkinDisease\test\SkinCancer\basal-cell-carcinoma-superficial-61.jpeg,train,C:\Users\raghu\datasets\skin\SkinDisease\train\Eczema\eczema-nummular-93.jpeg,4,0
test,C:\Users\raghu\datasets\skin\SkinDisease\test\Vasculitis\schamberg-disease-48.jpeg,train,C:\Users\raghu\datasets\skin\SkinDisease\train\Vasculitis\schamberg-disease-49.jpeg,4,1
test,C:\Users\raghu\datasets\skin\SkinDisease\test\Warts\genital-warts-22.jpeg,train,C:\Users\raghu\datasets\skin\SkinDisease\train\Benign_tumors\epidermal-nevus-41.jpeg,4,0
test,C:\Users\raghu\datasets\skin\SkinDisease\test\Warts\warts-common-4.jpeg,train,C:\Users\raghu\datasets\skin\SkinDisease\train\Benign_tumors\dermatofibroma-127.jpeg,4,0
test,C:\Users\raghu\datasets\skin\SkinDisease\test\Warts\warts-cryotherapy-29.jpeg,train,C:\Users\raghu\datasets\skin\SkinDisease\train\Vasculitis\vasculitis-3.jpeg,4,0
test,C:\Users\raghu\datasets\skin\SkinDisease\test\Acne\157__ProtectWyJQcm90ZWN0Il0_FocusFillWzI5NCwyMjIsIngiLDFd.jpeg,valid,C:\Users\raghu\datasets\skin\SkinDisease\valid\Acne\acne-closed-comedo-13.jpeg,4,1
test,C:\Users\raghu\datasets\skin\SkinDisease\test\Acne\acne-face-1-19__ProtectWyJQcm90ZWN0Il0_FocusFillWzI5NCwyMjIsIngiLDFd.jpeg,valid,C:\Users\raghu\datasets\skin\SkinDisease\valid\Acne\acne-closed-comedo-13.jpeg,4,1
test,C:\Users\raghu\datasets\skin\SkinDisease\test\Acne\acne-face-1-8__ProtectWyJQcm90ZWN0Il0_FocusFillWzI5NCwyMjIsIngiLDFd.jpeg,valid,C:\Users\raghu\datasets\skin\SkinDisease\valid\Acne\acne-closed-comedo-13.jpeg,4,1
test,C:\Users\raghu\datasets\skin\SkinDisease\test\Acne\acne-face-5-9__ProtectWyJQcm90ZWN0Il0_FocusFillWzI5NCwyMjIsIngiLDFd.jpeg,valid,C:\Users\raghu\datasets\skin\SkinDisease\valid\Eczema\05Atopic12060422.jpeg,4,0
test,C:\Users\raghu\datasets\skin\SkinDisease\test\Acne\acne-open-comedo-57.jpeg,valid,C:\Users\raghu\datasets\skin\SkinDisease\valid\Acne\acne-closed-comedo-24.jpeg,4,1
test,C:\Users\raghu\datasets\skin\SkinDisease\test\Acne\acne-pustular-26.jpeg,valid,C:\Users\raghu\datasets\skin\SkinDisease\valid\Eczema\3Eczema3-291.jpeg,4,0
test,C:\Users\raghu\datasets\skin\SkinDisease\test\Actinic_Keratosis\PAT_2011_4140_988.png,valid,C:\Users\raghu\datasets\skin\SkinDisease\valid\Actinic_Keratosis\PAT_1722_3214_672.png,4,1
test,C:\Users\raghu\datasets\skin\SkinDisease\test\Actinic_Keratosis\PAT_2018_4167_11.png,valid,C:\Users\raghu\datasets\skin\SkinDisease\valid\Benign_tumors\dermatofibroma-7.jpeg,4,0
test,C:\Users\raghu\datasets\skin\SkinDisease\test\Benign_tumors\dermatofibroma-105.jpeg,valid,C:\Users\raghu\datasets\skin\SkinDisease\valid\Benign_tumors\dermatofibroma-68.jpeg,4,1
test,C:\Users\raghu\datasets\skin\SkinDisease\test\Benign_tumors\dermatofibroma-15.jpeg,valid,C:\Users\raghu\datasets\skin\SkinDisease\valid\Benign_tumors\calcifying-epithelioma-4.jpeg,4,1
test,C:\Users\raghu\datasets\skin\SkinDisease\test\Benign_tumors\dermatosis-papulosa-nigra-2.jpeg,valid,C:\Users\raghu\datasets\skin\SkinDisease\valid\Eczema\05Atopic12060423.jpeg,4,0
test,C:\Users\raghu\datasets\skin\SkinDisease\test\Benign_tumors\skin-tags-polyps-2.jpeg,valid,C:\Users\raghu\datasets\skin\SkinDisease\valid\Lupus\2543__ProtectWyJQcm90ZWN0Il0_FocusFillWzI5NCwyMjIsIngiLDFd.jpeg,4,0
test,C:\Users\raghu\datasets\skin\SkinDisease\test\Eczema\eczema-areola-6.jpeg,valid,C:\Users\raghu\datasets\skin\SkinDisease\valid\Benign_tumors\accessory-nipple-6.jpeg,4,0
test,C:\Users\raghu\datasets\skin\SkinDisease\test\Eczema\eczema-subacute-90.jpeg,valid,C:\Users\raghu\datasets\skin\SkinDisease\valid\Acne\acne-closed-comedo-12.jpeg,4,0
test,C:\Users\raghu\datasets\skin\SkinDisease\test\Lupus\lupus-chronic-cutaneous-138.jpeg,valid,C:\Users\raghu\datasets\skin\SkinDisease\valid\Acne\acne-closed-comedo-14.jpeg,4,0
test,C:\Users\raghu\datasets\skin\SkinDisease\test\SkinCancer\basal-cell-carcinoma-superficial-18.jpeg,valid,C:\Users\raghu\datasets\skin\SkinDisease\valid\Benign_tumors\dermatofibroma-6.jpeg,4,0
test,C:\Users\raghu\datasets\skin\SkinDisease\test\Acne\acne-face-1-8__ProtectWyJQcm90ZWN0Il0_FocusFillWzI5NCwyMjIsIngiLDFd.jpeg,test,C:\Users\raghu\datasets\skin\SkinDisease\test\Acne\acne-closed-comedo-28.jpeg,4,1
test,C:\Users\raghu\datasets\skin\SkinDisease\test\Acne\acne-open-comedo-57.jpeg,test,C:\Users\raghu\datasets\skin\SkinDisease\test\Actinic_Keratosis\actinic-keratosis-hand-6.jpeg,4,0
test,C:\Users\raghu\datasets\skin\SkinDisease\test\Actinic_Keratosis\PAT_2011_4140_988.png,test,C:\Users\raghu\datasets\skin\SkinDisease\test\Benign_tumors\20EpidermCystRuptured1.jpeg,4,0
test,C:\Users\raghu\datasets\skin\SkinDisease\test\Actinic_Keratosis\PAT_2018_4167_11.png,test,C:\Users\raghu\datasets\skin\SkinDisease\test\Actinic_Keratosis\PAT_1993_4076_174.png,4,1
test,C:\Users\raghu\datasets\skin\SkinDisease\test\Benign_tumors\accessory-nipple-7.jpeg,test,C:\Users\raghu\datasets\skin\SkinDisease\test\Benign_tumors\dermatofibroma-58.jpeg,4,1
test,C:\Users\raghu\datasets\skin\SkinDisease\test\Lupus\lupus-acute-7.jpeg,test,C:\Users\raghu\datasets\skin\SkinDisease\test\Eczema\05AtopicPop.jpeg,4,0
test,C:\Users\raghu\datasets\skin\SkinDisease\test\SkinCancer\basal-cell-carcinoma-superficial-18.jpeg,test,C:\Users\raghu\datasets\skin\SkinDisease\test\Benign_tumors\dermatofibroma-58.jpeg,4,0
test,C:\Users\raghu\datasets\skin\SkinDisease\test\Warts\warts-common-30.jpeg,test,C:\Users\raghu\datasets\skin\SkinDisease\test\Warts\warts-digitate-13.jpeg,4,1
test,C:\Users\raghu\datasets\skin\SkinDisease\test\Warts\warts-flat-34.jpeg,test,C:\Users\raghu\datasets\skin\SkinDisease\test\Actinic_Keratosis\PAT_1993_4076_174.png,4,0
train,C:\Users\raghu\datasets\skin\SkinDisease\train\Acne\acne-cystic-136.jpeg,train,C:\Users\raghu\datasets\skin\SkinDisease\train\Benign_tumors\sebaceous-hyperplasia-51.jpeg,4,0
train,C:\Users\raghu\datasets\skin\SkinDisease\train\Acne\acne-excoriated-24.jpeg,train,C:\Users\raghu\datasets\skin\SkinDisease\train\Acne\acne-excoriated-20.jpeg,4,1
train,C:\Users\raghu\datasets\skin\SkinDisease\train\Acne\acne-face-12-1__ProtectWyJQcm90ZWN0Il0_FocusFillWzI5NCwyMjIsInkiLDg1XQ.jpeg,train,C:\Users\raghu\datasets\skin\SkinDisease\train\Actinic_Keratosis\images139.jpeg,4,0
train,C:\Users\raghu\datasets\skin\SkinDisease\train\Acne\acne-face-2-9__ProtectWyJQcm90ZWN0Il0_FocusFillWzI5NCwyMjIsInkiLDg1XQ.jpeg,train,C:\Users\raghu\datasets\skin\SkinDisease\train\Warts\warts-flat-46.jpeg,4,0
train,C:\Users\raghu\datasets\skin\SkinDisease\train\Acne\acne-face-3-18__ProtectWyJQcm90ZWN0Il0_FocusFillWzI5NCwyMjIsIngiLDFd.jpeg,train,C:\Users\raghu\datasets\skin\SkinDisease\train\Acne\acne-open-comedo-16.jpeg,4,1
train,C:\Users\raghu\datasets\skin\SkinDisease\train\Acne\acne-face-3__ProtectWyJQcm90ZWN0Il0_FocusFillWzI5NCwyMjIsIngiLDFd.jpeg,train,C:\Users\raghu\datasets\skin\SkinDisease\train\Benign_tumors\leiomyomata-1.jpeg,4,0
train,C:\Users\raghu\datasets\skin\SkinDisease\train\Acne\acne-open-comedo-1.jpeg,train,C:\Users\raghu\datasets\skin\SkinDisease\train\Lupus\lupus-acute-40.jpeg,4,0
train,C:\Users\raghu\datasets\skin\SkinDisease\train\Acne\acne-open-comedo-49.jpeg,train,C:\Users\raghu\datasets\skin\SkinDisease\train\Benign_tumors\epidermal-cyst-108.jpeg,4,0
train,C:\Users\raghu\datasets\skin\SkinDisease\train\Acne\acne-open-comedo-50.jpeg,train,C:\Users\raghu\datasets\skin\SkinDisease\train\Actinic_Keratosis\image24.jpeg,4,0
train,C:\Users\raghu\datasets\skin\SkinDisease\train\Acne\acne-open-comedo-63.jpeg,train,C:\Users\raghu\datasets\skin\SkinDisease\train\Actinic_Keratosis\PAT_1171_615_468.png,4,0
train,C:\Users\raghu\datasets\skin\SkinDisease\train\Acne\acne-pustular-15.jpeg,train,C:\Users\raghu\datasets\skin\SkinDisease\train\Vasculitis\erythema-nodosum-12.jpeg,4,0
train,C:\Users\raghu\datasets\skin\SkinDisease\train\Acne\acne-pustular-23.jpeg,train,C:\Users\raghu\datasets\skin\SkinDisease\train\Actinic_Keratosis\images234.jpeg,4,0
train,C:\Users\raghu\datasets\skin\SkinDisease\train\Acne\acne-pustular-37.jpeg,train,C:\Users\raghu\datasets\skin\SkinDisease\train\Actinic_Keratosis\actinic-keratosis-hand-3.jpeg,4,0
train,C:\Users\raghu\datasets\skin\SkinDisease\train\Acne\acne-pustular-42.jpeg,train,C:\Users\raghu\datasets\skin\SkinDisease\train\SkinCancer\ctcl-54.jpeg,4,0
train,C:\Users\raghu\datasets\skin\SkinDisease\train\Acne\acne-pustular-45.jpeg,train,C:\Users\raghu\datasets\skin\SkinDisease\train\Eczema\eczema-nummular-20.jpeg,4,0
train,C:\Users\raghu\datasets\skin\SkinDisease\train\Acne\acne-pustular-53.jpeg,train,C:\Users\raghu\datasets\skin\SkinDisease\train\Benign_tumors\syringoma-14.jpeg,4,0
train,C:\Users\raghu\datasets\skin\SkinDisease\train\Actinic_Keratosis\3741__ProtectWyJQcm90ZWN0Il0_FocusFillWzI5NCwyMjIsIngiLDFd.jpeg,train,C:\Users\raghu\datasets\skin\SkinDisease\train\Actinic_Keratosis\images224.jpeg,4,1
train,C:\Users\raghu\datasets\skin\SkinDisease\train\Actinic_Keratosis\AdobeStock_259294614-scaled.jpeg,train,C:\Users\raghu\datasets\skin\SkinDisease\train\Actinic_Keratosis\images63.jpeg,4,1
train,C:\Users\raghu\datasets\skin\SkinDisease\train\Actinic_Keratosis\ISIC_0024654.jpg,train,C:\Users\raghu\datasets\skin\SkinDisease\train\Benign_tumors\dermatofibroma-130.jpeg,4,0
train,C:\Users\raghu\datasets\skin\SkinDisease\train\Actinic_Keratosis\ISIC_0024948.jpg,train,C:\Users\raghu\datasets\skin\SkinDisease\train\Vasculitis\erythema-nodosum-25.jpeg,4,0
train,C:\Users\raghu\datasets\skin\SkinDisease\train\Actinic_Keratosis\ISIC_0029141.jpg,train,C:\Users\raghu\datasets\skin\SkinDisease\train\SkinCancer\malignant-melanoma-125.jpeg,4,0
train,C:\Users\raghu\datasets\skin\SkinDisease\train\Actinic_Keratosis\PAT_1014_86_861.png,train,C:\Users\raghu\datasets\skin\SkinDisease\train\Benign_tumors\neurofibromas-13.jpeg,4,0
train,C:\Users\raghu\datasets\skin\SkinDisease\train\Actinic_Keratosis\PAT_1093_379_273.png,train,C:\Users\raghu\datasets\skin\SkinDisease\train\Eczema\eczema-asteatotic-46.jpeg,4,0
train,C:\Users\raghu\datasets\skin\SkinDisease\train\Actinic_Keratosis\PAT_1243_836_47.png,train,C:\Users\raghu\datasets\skin\SkinDisease\train\Benign_tumors\dermatofibroma-115.jpeg,4,0
train,C:\Users\raghu\datasets\skin\SkinDisease\train\Actinic_Keratosis\PAT_1309_1096_393.png,train,C:\Users\raghu\datasets\skin\SkinDisease\train\Actinic_Keratosis\PAT_677_1350_358.png,4,1
train,C:\Users\raghu\datasets\skin\SkinDisease\train\Actinic_Keratosis\PAT_1415_1440_629.png,train,C:\Users\raghu\datasets\skin\SkinDisease\train\Benign_tumors\keloids-11.jpeg,4,0
train,C:\Users\raghu\datasets\skin\SkinDisease\train\Actinic_Keratosis\PAT_1428_1489_38.png,train,C:\Users\raghu\datasets\skin\SkinDisease\train\Benign_tumors\skin-tags-polyps-30.jpeg,4,0
train,C:\Users\raghu\datasets\skin\SkinDisease\train\Actinic_Keratosis\PAT_742_1470_425.png,train,C:\Users\raghu\datasets\skin\SkinDisease\train\SkinCancer\basal-cell-carcinoma-superficial-41.jpeg,4,0
train,C:\Users\raghu\datasets\skin\SkinDisease\train\Actinic_Keratosis\actinic-keratosis-5FU-65.jpeg,train,C:\Users\raghu\datasets\skin\SkinDisease\train\Acne\acne-face-2-1__ProtectWyJQcm90ZWN0Il0_FocusFillWzI5NCwyMjIsIngiLDFd.jpeg,4,0
train,C:\Users\raghu\datasets\skin\SkinDisease\train\Actinic_Keratosis\actinic-keratosis-face-16.jpeg,train,C:\Users\raghu\datasets\skin\SkinDisease\train\Actinic_Keratosis\actinic-keratosis-face-6.jpeg,4,1
train,C:\Users\raghu\datasets\skin\SkinDisease\train\Actinic_Keratosis\actinic-keratosis-face-38.jpeg,train,C:\Users\raghu\datasets\skin\SkinDisease\train\SkinCancer\basal-cell-carcinoma-face-43.jpeg,4,0
train,C:\Users\raghu\datasets\skin\SkinDisease\train\Actinic_Keratosis\actinic-keratosis-hand-2.jpeg,train,C:\Users\raghu\datasets\skin\SkinDisease\train\Eczema\eczema-chronic-22.jpeg,4,0
train,C:\Users\raghu\datasets\skin\SkinDisease\train\Actinic_Keratosis\dsap_1_high.jpeg,train,C:\Users\raghu\datasets\skin\SkinDisease\train\Benign_tumors\porokeratosis-48.jpeg,4,0
train,C:\Users\raghu\datasets\skin\SkinDisease\train\Actinic_Keratosis\image20.jpeg,train,C:\Users\raghu\datasets\skin\SkinDisease\train\Benign_tumors\epidermal-cyst-108.jpeg,4,0
train,C:\Users\raghu\datasets\skin\SkinDisease\train\Actinic_Keratosis\images103.jpeg,train,C:\Users\raghu\datasets\skin\SkinDisease\train\Eczema\eczema-asteatotic-49.jpeg,4,0
train,C:\Users\raghu\datasets\skin\SkinDisease\train\Actinic_Keratosis\images131.jpeg,train,C:\Users\raghu\datasets\skin\SkinDisease\train\Benign_tumors\epidermal-nevus-27.jpeg,4,0
train,C:\Users\raghu\datasets\skin\SkinDisease\train\Actinic_Keratosis\images254.jpeg,train,C:\Users\raghu\datasets\skin\SkinDisease\train\Acne\acne-face-55__ProtectWyJQcm90ZWN0Il0_FocusFillWzI5NCwyMjIsIngiLDFd.jpeg,4,0
train,C:\Users\raghu\datasets\skin\SkinDisease\train\Actinic_Keratosis\images61.jpeg,train,C:\Users\raghu\datasets\skin\SkinDisease\train\Benign_tumors\syringoma-14.jpeg,4,0
train,C:\Users\raghu\datasets\skin\SkinDisease\train\Benign_tumors\dermatofibroma-112.jpeg,train,C:\Users\raghu\datasets\skin\SkinDisease\train\SkinCancer\ctcl-106.jpeg,4,0
train,C:\Users\raghu\datasets\skin\SkinDisease\train\Benign_tumors\dermatofibroma-130.jpeg,train,C:\Users\raghu\datasets\skin\SkinDisease\train\SkinCancer\malignant-melanoma-116.jpeg,4,0
train,C:\Users\raghu\datasets\skin\SkinDisease\train\Benign_tumors\epidermal-cyst-112.jpeg,train,C:\Users\raghu\datasets\skin\SkinDisease\train\Benign_tumors\epidermal-cyst-116.jpeg,4,1
train,C:\Users\raghu\datasets\skin\SkinDisease\train\Benign_tumors\epidermal-cyst-117.jpeg,train,C:\Users\raghu\datasets\skin\SkinDisease\train\Eczema\eczema-nummular-175.jpeg,4,0
train,C:\Users\raghu\datasets\skin\SkinDisease\train\Benign_tumors\epidermal-nevus-24.jpeg,train,C:\Users\raghu\datasets\skin\SkinDisease\train\Warts\genital-warts-19.jpeg,4,0
train,C:\Users\raghu\datasets\skin\SkinDisease\train\Benign_tumors\keloids-3.jpeg,train,C:\Users\raghu\datasets\skin\SkinDisease\train\Benign_tumors\keloids-49.jpeg,4,1
train,C:\Users\raghu\datasets\skin\SkinDisease\train\Benign_tumors\keloids-37.jpeg,train,C:\Users\raghu\datasets\skin\SkinDisease\train\SkinCancer\basal-cell-carcinoma-lesion-24.jpeg,4,0
train,C:\Users\raghu\datasets\skin\SkinDisease\train\Benign_tumors\keloids-53.jpeg,train,C:\Users\raghu\datasets\skin\SkinDisease\train\Benign_tumors\keloids-74.jpeg,4,1
train,C:\Users\raghu\datasets\skin\SkinDisease\train\Benign_tumors\keloids-56.jpeg,train,C:\Users\raghu\datasets\skin\SkinDisease\train\Benign_tumors\keloids-76.jpeg,4,1
train,C:\Users\raghu\datasets\skin\SkinDisease\train\Benign_tumors\keloids-66.jpeg,train,C:\Users\raghu\datasets\skin\SkinDisease\train\Benign_tumors\epidermal-nevus-27.jpeg,4,1
train,C:\Users\raghu\datasets\skin\SkinDisease\train\Benign_tumors\keratoacanthoma-149.jpeg,train,C:\Users\raghu\datasets\skin\SkinDisease\train\Benign_tumors\neurofibromas-18.jpeg,4,1
train,C:\Users\raghu\datasets\skin\SkinDisease\train\Benign_tumors\keratoacanthoma-159.jpeg,train,C:\Users\raghu\datasets\skin\SkinDisease\train\Benign_tumors\keratoacanthoma-160.jpeg,4,1
train,C:\Users\raghu\datasets\skin\SkinDisease\train\Benign_tumors\keratoacanthoma-165.jpeg,train,C:\Users\raghu\datasets\skin\SkinDisease\train\SkinCancer\basal-cell-carcinoma-lesion-63.jpeg,4,0
train,C:\Users\raghu\datasets\skin\SkinDisease\train\Benign_tumors\leiomyomata-8.jpeg,train,C:\Users\raghu\datasets\skin\SkinDisease\train\Actinic_Keratosis\3755__ProtectWyJQcm90ZWN0Il0_FocusFillWzI5NCwyMjIsIngiLDFd.jpeg,4,0
train,C:\Users\raghu\datasets\skin\SkinDisease\train\Benign_tumors\neurofibromas-12.jpeg,train,C:\Users\raghu\datasets\skin\SkinDisease\train\Lupus\sle-58__ProtectWyJQcm90ZWN0Il0_FocusFillWzI5NCwyMjIsIngiLDFd.jpeg,4,0
train,C:\Users\raghu\datasets\skin\SkinDisease\train\Benign_tumors\porokeratosis-13.jpeg,train,C:\Users\raghu\datasets\skin\SkinDisease\train\Benign_tumors\porokeratosis-69.jpeg,4,1
train,C:\Users\raghu\datasets\skin\SkinDisease\train\Benign_tumors\porokeratosis-49.jpeg,train,C:\Users\raghu\datasets\skin\SkinDisease\train\Vasculitis\erythema-nodosum-15.jpeg,4,0
train,C:\Users\raghu\datasets\skin\SkinDisease\train\Benign_tumors\porokeratosis-6.jpeg,train,C:\Users\raghu\datasets\skin\SkinDisease\train\Warts\warts-common-63.jpeg,4,0
train,C:\Users\raghu\datasets\skin\SkinDisease\train\Benign_tumors\sebaceous-hyperplasia-50.jpeg,train,C:\Users\raghu\datasets\skin\SkinDisease\train\Warts\warts-common-63.jpeg,4,0
train,C:\Users\raghu\datasets\skin\SkinDisease\train\Benign_tumors\sebaceous-hyperplasia-87.jpeg,train,C:\Users\raghu\datasets\skin\SkinDisease\train\Warts\warts-common-63.jpeg,4,0
train,C:\Users\raghu\datasets\skin\SkinDisease\train\Benign_tumors\skin-tags-polyps-60.jpeg,train,C:\Users\raghu\datasets\skin\SkinDisease\train\Warts\warts-flat-30.jpeg,4,0
train,C:\Users\raghu\datasets\skin\SkinDisease\train\Benign_tumors\skin-tags-polyps-82.jpeg,train,C:\Users\raghu\datasets\skin\SkinDisease\train\Benign_tumors\epidermal-cyst-154.jpeg,4,1
train,C:\Users\raghu\datasets\skin\SkinDisease\train\Benign_tumors\skin-tags-polyps-91.jpeg,train,C:\Users\raghu\datasets\skin\SkinDisease\train\SkinCancer\basal-cell-carcinoma-pigmented-11.jpeg,4,0
train,C:\Users\raghu\datasets\skin\SkinDisease\train\Benign_tumors\syringoma-12.jpeg,train,C:\Users\raghu\datasets\skin\SkinDisease\train\Warts\warts-periungual-12.jpeg,4,0
train,C:\Users\raghu\datasets\skin\SkinDisease\train\Eczema\eczema-asteatotic-31.jpeg,train,C:\Users\raghu\datasets\skin\SkinDisease\train\Benign_tumors\neurofibromas-9.jpeg,4,0
train,C:\Users\raghu\datasets\skin\SkinDisease\train\Eczema\eczema-asteatotic-37.jpeg,train,C:\Users\raghu\datasets\skin\SkinDisease\train\Acne\acne-open-comedo-63.jpeg,4,0
train,C:\Users\raghu\datasets\skin\SkinDisease\train\Eczema\eczema-chronic-45.jpeg,train,C:\Users\raghu\datasets\skin\SkinDisease\train\Lupus\sle-58__ProtectWyJQcm90ZWN0Il0_FocusFillWzI5NCwyMjIsIngiLDFd.jpeg,4,0
train,C:\Users\raghu\datasets\skin\SkinDisease\train\Eczema\eczema-chronic-51.jpeg,train,C:\Users\raghu\datasets\skin\SkinDisease\train\Eczema\eczema-chronic-54.jpeg,4,1
train,C:\Users\raghu\datasets\skin\SkinDisease\train\Eczema\eczema-fingertips-103.jpeg,train,C:\Users\raghu\datasets\skin\SkinDisease\train\Benign_tumors\epidermal-nevus-27.jpeg,4,0
train,C:\Users\raghu\datasets\skin\SkinDisease\train\Eczema\eczema-fingertips-77.jpeg,train,C:\Users\raghu\datasets\skin\SkinDisease\train\Eczema\eczema-fingertips-122.jpeg,4,1
train,C:\Users\raghu\datasets\skin\SkinDisease\train\Eczema\eczema-foot-100.jpeg,train,C:\Users\raghu\datasets\skin\SkinDisease\train\Benign_tumors\sebaceous-hyperplasia-36.jpeg,4,0
train,C:\Users\raghu\datasets\skin\SkinDisease\train\Eczema\eczema-subacute-102.jpeg,train,C:\Users\raghu\datasets\skin\SkinDisease\train\Benign_tumors\epidermal-nevus-27.jpeg,4,0
train,C:\Users\raghu\datasets\skin\SkinDisease\train\Eczema\eczema-subacute-59.jpeg,train,C:\Users\raghu\datasets\skin\SkinDisease\train\Eczema\eczema-asteatotic-47.jpeg,4,1
train,C:\Users\raghu\datasets\skin\SkinDisease\train\Eczema\eczema-subacute-81.jpeg,train,C:\Users\raghu\datasets\skin\SkinDisease\train\Warts\warts-flat-54.jpeg,4,0
train,C:\Users\raghu\datasets\skin\SkinDisease\train\Eczema\eczema-subacute-93.jpeg,train,C:\Users\raghu\datasets\skin\SkinDisease\train\Actinic_Keratosis\images139.jpeg,4,0
train,C:\Users\raghu\datasets\skin\SkinDisease\train\Lupus\lupus-acute-36.jpeg,train,C:\Users\raghu\datasets\skin\SkinDisease\train\Actinic_Keratosis\actinic-keratosis-lesion-37.jpeg,4,0
train,C:\Users\raghu\datasets\skin\SkinDisease\train\Lupus\lupus-acute-37.jpeg,train,C:\Users\raghu\datasets\skin\SkinDisease\train\Benign_tumors\epidermal-nevus-22.jpeg,4,0
train,C:\Users\raghu\datasets\skin\SkinDisease\train\Lupus\lupus-chronic-cutaneous-38.jpeg,train,C:\Users\raghu\datasets\skin\SkinDisease\train\Benign_tumors\syringoma-14.jpeg,4,0
train,C:\Users\raghu\datasets\skin\SkinDisease\train\Lupus\lupus-chronic-cutaneous-79.jpeg,train,C:\Users\raghu\datasets\skin\SkinDisease\train\Benign_tumors\neurofibromas-18.jpeg,4,0
train,C:\Users\raghu\datasets\skin\SkinDisease\train\Lupus\lupus-pann__ProtectWyJQcm90ZWN0Il0_FocusFillWzI5NCwyMjIsIngiLDFd.jpeg,train,C:\Users\raghu\datasets\skin\SkinDisease\train\Benign_tumors\leiomyomata-7.jpeg,4,0
train,C:\Users\raghu\datasets\skin\SkinDisease\train\SkinCancer\basal-cell-carcinoma-ear-2.jpeg,train,C:\Users\raghu\datasets\skin\SkinDisease\train\SkinCancer\basal-cell-carcinoma-lesion-52.jpeg,4,1
train,C:\Users\raghu\datasets\skin\SkinDisease\train\SkinCancer\basal-cell-carcinoma-face-13.jpeg,train,C:\Users\raghu\datasets\skin\SkinDisease\train\SkinCancer\basal-cell-carcinoma-face-16.jpeg,4,1
train,C:\Users\raghu\datasets\skin\SkinDisease\train\SkinCancer\basal-cell-carcinoma-lid-2.jpeg,train,C:\Users\raghu\datasets\skin\SkinDisease\train\SkinCancer\basal-cell-carcinoma-lid-22.jpeg,4,1
train,C:\Users\raghu\datasets\skin\SkinDisease\train\SkinCancer\basal-cell-carcinoma-pigmented-39.jpeg,train,C:\Users\raghu\datasets\skin\SkinDisease\train\Acne\acne-cystic-136.jpeg,4,0
train,C:\Users\raghu\datasets\skin\SkinDisease\train\SkinCancer\basal-cell-carcinoma-pigmented-47.jpeg,train,C:\Users\raghu\datasets\skin\SkinDisease\train\SkinCancer\basal-cell-carcinoma-pigmented-45.jpeg,4,1
train,C:\Users\raghu\datasets\skin\SkinDisease\train\SkinCancer\basal-cell-carcinoma-pigmented-49.jpeg,train,C:\Users\raghu\datasets\skin\SkinDisease\train\SkinCancer\basal-cell-carcinoma-lesion-70.jpeg,4,1
train,C:\Users\raghu\datasets\skin\SkinDisease\train\SkinCancer\basal-cell-carcinoma-superficial-14.jpeg,train,C:\Users\raghu\datasets\skin\SkinDisease\train\Eczema\eczema-face-4.jpeg,4,0
train,C:\Users\raghu\datasets\skin\SkinDisease\train\SkinCancer\basal-cell-carcinoma-superficial-38.jpeg,train,C:\Users\raghu\datasets\skin\SkinDisease\train\SkinCancer\basal-cell-carcinoma-lesion-55.jpeg,4,1
train,C:\Users\raghu\datasets\skin\SkinDisease\train\SkinCancer\basal-cell-carcinoma-superficial-4.jpeg,train,C:\Users\raghu\datasets\skin\SkinDisease\train\Actinic_Keratosis\PAT_468_4775_268.png,4,0
train,C:\Users\raghu\datasets\skin\SkinDisease\train\SkinCancer\ctcl-106.jpeg,train,C:\Users\raghu\datasets\skin\SkinDisease\train\Acne\acne-open-comedo-4.jpeg,4,0
train,C:\Users\raghu\datasets\skin\SkinDisease\train\SkinCancer\ctcl-16.jpeg,train,C:\Users\raghu\datasets\skin\SkinDisease\train\Actinic_Keratosis\PAT_468_4775_268.png,4,0
train,C:\Users\raghu\datasets\skin\SkinDisease\train\SkinCancer\ctcl-65.jpeg,train,C:\Users\raghu\datasets\skin\SkinDisease\train\Benign_tumors\leiomyomata-1.jpeg,4,0
train,C:\Users\raghu\datasets\skin\SkinDisease\train\SkinCancer\ctcl-80.jpeg,train,C:\Users\raghu\datasets\skin\SkinDisease\train\Eczema\eczema-subacute-93.jpeg,4,0
train,C:\Users\raghu\datasets\skin\SkinDisease\train\SkinCancer\malignant-melanoma-130.jpeg,train,C:\Users\raghu\datasets\skin\SkinDisease\train\SkinCancer\malignant-melanoma-172.jpeg,4,1
train,C:\Users\raghu\datasets\skin\SkinDisease\train\SkinCancer\malignant-melanoma-137.jpeg,train,C:\Users\raghu\datasets\skin\SkinDisease\train\SkinCancer\malignant-melanoma-138.jpeg,4,1
train,C:\Users\raghu\datasets\skin\SkinDisease\train\SkinCancer\malignant-melanoma-2.jpeg,train,C:\Users\raghu\datasets\skin\SkinDisease\train\SkinCancer\melanoma-mimic-3.jpeg,4,1
train,C:\Users\raghu\datasets\skin\SkinDisease\train\SkinCancer\malignant-melanoma-86.jpeg,train,C:\Users\raghu\datasets\skin\SkinDisease\train\SkinCancer\basal-cell-carcinoma-lesion-62.jpeg,4,1
train,C:\Users\raghu\datasets\skin\SkinDisease\train\Vasculitis\atrophy-blanche-2.jpeg,train,C:\Users\raghu\datasets\skin\SkinDisease\train\Benign_tumors\neurofibromas-15.jpeg,4,0
train,C:\Users\raghu\datasets\skin\SkinDisease\train\Vasculitis\panniculitis-1.jpeg,train,C:\Users\raghu\datasets\skin\SkinDisease\train\Vasculitis\erythema-nodosum-25.jpeg,4,1
train,C:\Users\raghu\datasets\skin\SkinDisease\train\Vasculitis\schamberg-disease-10.jpeg,train,C:\Users\raghu\datasets\skin\SkinDisease\train\Vasculitis\schamberg-disease-17.jpeg,4,1
train,C:\Users\raghu\datasets\skin\SkinDisease\train\Vasculitis\schamberg-disease-20.jpeg,train,C:\Users\raghu\datasets\skin\SkinDisease\train\Warts\warts-flat-53.jpeg,4,0
train,C:\Users\raghu\datasets\skin\SkinDisease\train\Vasculitis\vasculitis-106.jpeg,train,C:\Users\raghu\datasets\skin\SkinDisease\train\Eczema\eczema-asteatotic-47.jpeg,4,0
train,C:\Users\raghu\datasets\skin\SkinDisease\train\Warts\warts-8.jpeg,train,C:\Users\raghu\datasets\skin\SkinDisease\train\Warts\warts-flat-2.jpeg,4,1
train,C:\Users\raghu\datasets\skin\SkinDisease\train\Warts\warts-common-114.jpeg,train,C:\Users\raghu\datasets\skin\SkinDisease\train\Benign_tumors\sebaceous-hyperplasia-42.jpeg,4,0
train,C:\Users\raghu\datasets\skin\SkinDisease\train\Warts\warts-common-32.jpeg,train,C:\Users\raghu\datasets\skin\SkinDisease\train\Warts\warts-digitate-12.jpeg,4,1
train,C:\Users\raghu\datasets\skin\SkinDisease\train\Warts\warts-common-67.jpeg,train,C:\Users\raghu\datasets\skin\SkinDisease\train\Warts\warts-periungual-15.jpeg,4,1
train,C:\Users\raghu\datasets\skin\SkinDisease\train\Warts\warts-common-7.jpeg,train,C:\Users\raghu\datasets\skin\SkinDisease\train\SkinCancer\basal-cell-carcinoma-lesion-64.jpeg,4,0
train,C:\Users\raghu\datasets\skin\SkinDisease\train\Warts\warts-digitate-5.jpeg,train,C:\Users\raghu\datasets\skin\SkinDisease\train\Actinic_Keratosis\PAT_337_1697_721.png,4,0
train,C:\Users\raghu\datasets\skin\SkinDisease\train\Warts\warts-flat-54.jpeg,train,C:\Users\raghu\datasets\skin\SkinDisease\train\Actinic_Keratosis\actinic-keratosis-5FU-65.jpeg,4,0
train,C:\Users\raghu\datasets\skin\SkinDisease\train\Warts\warts-plantar-105.jpeg,train,C:\Users\raghu\datasets\skin\SkinDisease\train\Benign_tumors\keloids-4.jpeg,4,0
train,C:\Users\raghu\datasets\skin\SkinDisease\train\Warts\warts-plantar-119.jpeg,train,C:\Users\raghu\datasets\skin\SkinDisease\train\Benign_tumors\skin-tags-polyps-60.jpeg,4,0
train,C:\Users\raghu\datasets\skin\SkinDisease\train\Warts\warts-plantar-7.jpeg,train,C:\Users\raghu\datasets\skin\SkinDisease\train\Warts\warts-plantar-6.jpeg,4,1
valid,C:\Users\raghu\datasets\skin\SkinDisease\valid\Acne\195__ProtectWyJQcm90ZWN0Il0_FocusFillWzI5NCwyMjIsIngiLDFd.jpeg,valid,C:\Users\raghu\datasets\skin\SkinDisease\valid\Actinic_Keratosis\512__ProtectWyJQcm90ZWN0Il0_FocusFillWzI5NCwyMjIsIngiLDFd.jpeg,4,0
valid,C:\Users\raghu\datasets\skin\SkinDisease\valid\Acne\acne-089-v2__ProtectWyJQcm90ZWN0Il0_FocusFillWzI5NCwyMjIsIngiLDFd.jpeg,valid,C:\Users\raghu\datasets\skin\SkinDisease\valid\Lupus\2536__ProtectWyJQcm90ZWN0Il0_FocusFillWzI5NCwyMjIsIngiLDFd.jpeg,4,0
valid,C:\Users\raghu\datasets\skin\SkinDisease\valid\Acne\acne-closed-comedo-11.jpeg,valid,C:\Users\raghu\datasets\skin\SkinDisease\valid\Acne\acne-closed-comedo-13.jpeg,4,1
valid,C:\Users\raghu\datasets\skin\SkinDisease\valid\Acne\acne-closed-comedo-24.jpeg,valid,C:\Users\raghu\datasets\skin\SkinDisease\valid\Acne\acne-cystic-18.jpeg,4,1
valid,C:\Users\raghu\datasets\skin\SkinDisease\valid\Acne\acne-closed-comedo-25.jpeg,valid,C:\Users\raghu\datasets\skin\SkinDisease\valid\Eczema\3Eczema3-291.jpeg,4,0
valid,C:\Users\raghu\datasets\skin\SkinDisease\valid\Acne\acne-closed-comedo-7.jpeg,valid,C:\Users\raghu\datasets\skin\SkinDisease\valid\Eczema\3Eczema3-291.jpeg,4,0
valid,C:\Users\raghu\datasets\skin\SkinDisease\valid\Acne\acne-cystic-33.jpeg,valid,C:\Users\raghu\datasets\skin\SkinDisease\valid\Acne\acne-closed-comedo-13.jpeg,4,1
valid,C:\Users\raghu\datasets\skin\SkinDisease\valid\Acne\acne-cystic-52.jpeg,valid,C:\Users\raghu\datasets\skin\SkinDisease\valid\Lupus\2543__ProtectWyJQcm90ZWN0Il0_FocusFillWzI5NCwyMjIsIngiLDFd.jpeg,4,0
valid,C:\Users\raghu\datasets\skin\SkinDisease\valid\Actinic_Keratosis\307__ProtectWyJQcm90ZWN0Il0_FocusFillWzI5NCwyMjIsInkiLDg1XQ.jpeg,valid,C:\Users\raghu\datasets\skin\SkinDisease\valid\Acne\acne-closed-comedo-003.jpeg,4,0
valid,C:\Users\raghu\datasets\skin\SkinDisease\valid\Actinic_Keratosis\424__ProtectWyJQcm90ZWN0Il0_FocusFillWzI5NCwyMjIsIngiLDFd.jpeg,valid,C:\Users\raghu\datasets\skin\SkinDisease\valid\Vasculitis\erythema-multiforme-91.jpeg,4,0
valid,C:\Users\raghu\datasets\skin\SkinDisease\valid\Actinic_Keratosis\470__ProtectWyJQcm90ZWN0Il0_FocusFillWzI5NCwyMjIsInkiLDg1XQ.jpeg,valid,C:\Users\raghu\datasets\skin\SkinDisease\valid\Acne\acne-cystic-14.jpeg,4,0
valid,C:\Users\raghu\datasets\skin\SkinDisease\valid\Actinic_Keratosis\PAT_1811_3487_560.png,valid,C:\Users\raghu\datasets\skin\SkinDisease\valid\Benign_tumors\cylindroma-1.jpeg,4,0
valid,C:\Users\raghu\datasets\skin\SkinDisease\valid\Benign_tumors\30.jpg,valid,C:\Users\raghu\datasets\skin\SkinDisease\valid\SkinCancer\80.jpg,4,0
valid,C:\Users\raghu\datasets\skin\SkinDisease\valid\Benign_tumors\chondrodermatitis-nodularis-66.jpeg,valid,C:\Users\raghu\datasets\skin\SkinDisease\valid\Benign_tumors\chondrodermatitis-nodularis-71.jpeg,4,1
valid,C:\Users\raghu\datasets\skin\SkinDisease\valid\Eczema\05Atopic03290446.jpeg,valid,C:\Users\raghu\datasets\skin\SkinDisease\valid\Eczema\05Atopic12060426.jpeg,4,1
valid,C:\Users\raghu\datasets\skin\SkinDisease\valid\Eczema\05Atopic071204.jpeg,valid,C:\Users\raghu\datasets\skin\SkinDisease\valid\Eczema\05Atopic12060425.jpeg,4,1
valid,C:\Users\raghu\datasets\skin\SkinDisease\valid\Eczema\05Atopic12060423.jpeg,valid,C:\Users\raghu\datasets\skin\SkinDisease\valid\Eczema\05Atopic12060424.jpeg,4,1
valid,C:\Users\raghu\datasets\skin\SkinDisease\valid\Eczema\05Atopic121503.jpeg,valid,C:\Users\raghu\datasets\skin\SkinDisease\valid\Eczema\05Atopic12060424.jpeg,4,1
valid,C:\Users\raghu\datasets\skin\SkinDisease\valid\Eczema\05atopicChild0828061.jpeg,valid,C:\Users\raghu\datasets\skin\SkinDisease\valid\Eczema\05Atopic12060426.jpeg,4,1
valid,C:\Users\raghu\datasets\skin\SkinDisease\valid\SkinCancer\136.jpg,valid,C:\Users\raghu\datasets\skin\SkinDisease\valid\SkinCancer\80.jpg,4,1
valid,C:\Users\raghu\datasets\skin\SkinDisease\valid\Vasculitis\erythema-multiforme-136.jpeg,valid,C:\Users\raghu\datasets\skin\SkinDisease\valid\Vasculitis\erythema-multiforme-138.jpeg,4,1
valid,C:\Users\raghu\datasets\skin\SkinDisease\valid\Vasculitis\erythema-multiforme-92.jpeg,valid,C:\Users\raghu\datasets\skin\SkinDisease\valid\Vasculitis\erythema-multiforme-93.jpeg,4,1
valid,C:\Users\raghu\datasets\skin\SkinDisease\valid\Vasculitis\erythema-multiforme-94.jpeg,valid,C:\Users\raghu\datasets\skin\SkinDisease\valid\Eczema\05AtopicPop1.jpeg,4,0
valid,C:\Users\raghu\datasets\skin\SkinDisease\valid\Acne\149__ProtectWyJQcm90ZWN0Il0_FocusFillWzI5NCwyMjIsIngiLDFd.jpeg,train,C:\Users\raghu\datasets\skin\SkinDisease\train\Eczema\eczema-nummular-169.jpeg,5,0
valid,C:\Users\raghu\datasets\skin\SkinDisease\valid\Acne\178__ProtectWyJQcm90ZWN0Il0_FocusFillWzI5NCwyMjIsIngiLDFd.jpeg,train,C:\Users\raghu\datasets\skin\SkinDisease\train\Vasculitis\schamberg-disease-14.jpeg,5,0
valid,C:\Users\raghu\datasets\skin\SkinDisease\valid\Acne\181__ProtectWyJQcm90ZWN0Il0_FocusFillWzI5NCwyMjIsIngiLDFd.jpeg,train,C:\Users\raghu\datasets\skin\SkinDisease\train\Warts\warts-flat-46.jpeg,5,0
valid,C:\Users\raghu\datasets\skin\SkinDisease\valid\Acne\189__ProtectWyJQcm90ZWN0Il0_FocusFillWzI5NCwyMjIsIngiLDFd.jpeg,train,C:\Users\raghu\datasets\skin\SkinDisease\train\Actinic_Keratosis\ISIC_0029915.jpg,5,0
valid,C:\Users\raghu\datasets\skin\SkinDisease\valid\Acne\195__ProtectWyJQcm90ZWN0Il0_FocusFillWzI5NCwyMjIsIngiLDFd.jpeg,train,C:\Users\raghu\datasets\skin\SkinDisease\train\SkinCancer\basal-cell-carcinoma-superficial-12.jpeg,5,0
valid,C:\Users\raghu\datasets\skin\SkinDisease\valid\Acne\acne-closed-comedo-1.jpeg,train,C:\Users\raghu\datasets\skin\SkinDisease\train\Eczema\eczema-subacute-38.jpeg,5,0
valid,C:\Users\raghu\datasets\skin\SkinDisease\valid\Acne\acne-closed-comedo-10.jpeg,train,C:\Users\raghu\datasets\skin\SkinDisease\train\Lupus\lupus-acute-9.jpeg,5,0
valid,C:\Users\raghu\datasets\skin\SkinDisease\valid\Acne\acne-closed-comedo-17.jpeg,train,C:\Users\raghu\datasets\skin\SkinDisease\train\Vasculitis\vasculitis-52.jpeg,5,0
valid,C:\Users\raghu\datasets\skin\SkinDisease\valid\Acne\acne-closed-comedo-20.jpeg,train,C:\Users\raghu\datasets\skin\SkinDisease\train\Acne\acne-pustular-37.jpeg,5,1
valid,C:\Users\raghu\datasets\skin\SkinDisease\valid\Acne\acne-closed-comedo-36.jpeg,train,C:\Users\raghu\datasets\skin\SkinDisease\train\Benign_tumors\leiomyomata-5.jpeg,5,0
valid,C:\Users\raghu\datasets\skin\SkinDisease\valid\Acne\acne-closed-comedo-9.jpeg,train,C:\Users\raghu\datasets\skin\SkinDisease\train\Benign_tumors\keloids-28.jpeg,5,0
valid,C:\Users\raghu\datasets\skin\SkinDisease\valid\Acne\acne-cystic-17.jpeg,train,C:\Users\raghu\datasets\skin\SkinDisease\train\Acne\acne-pustular-23.jpeg,5,1
valid,C:\Users\raghu\datasets\skin\SkinDisease\valid\Acne\acne-cystic-38.jpeg,train,C:\Users\raghu\datasets\skin\SkinDisease\train\Warts\warts-flat-66.jpeg,5,0
valid,C:\Users\raghu\datasets\skin\SkinDisease\valid\Actinic_Keratosis\397__ProtectWyJQcm90ZWN0Il0_FocusFillWzI5NCwyMjIsIngiLDFd.jpeg,train,C:\Users\raghu\datasets\skin\SkinDisease\train\Eczema\eczema-asteatotic-23.jpeg,5,0
valid,C:\Users\raghu\datasets\skin\SkinDisease\valid\Actinic_Keratosis\452__ProtectWyJQcm90ZWN0Il0_FocusFillWzI5NCwyMjIsIngiLDFd.jpeg,train,C:\Users\raghu\datasets\skin\SkinDisease\train\Benign_tumors\dermatofibroma-127.jpeg,5,0
valid,C:\Users\raghu\datasets\skin\SkinDisease\valid\Actinic_Keratosis\470__ProtectWyJQcm90ZWN0Il0_FocusFillWzI5NCwyMjIsInkiLDg1XQ.jpeg,train,C:\Users\raghu\datasets\skin\SkinDisease\train\Actinic_Keratosis\PAT_1130_501_181.png,5,1
valid,C:\Users\raghu\datasets\skin\SkinDisease\valid\Actinic_Keratosis\474__ProtectWyJQcm90ZWN0Il0_FocusFillWzI5NCwyMjIsIngiLDFd.jpeg,train,C:\Users\raghu\datasets\skin\SkinDisease\train\Actinic_Keratosis\PAT_1094_381_355.png,5,1
valid,C:\Users\raghu\datasets\skin\SkinDisease\valid\Actinic_Keratosis\558__ProtectWyJQcm90ZWN0Il0_FocusFillWzI5NCwyMjIsInkiLDg1XQ.jpeg,train,C:\Users\raghu\datasets\skin\SkinDisease\train\Benign_tumors\epidermal-nevus-71.jpeg,5,0
valid,C:\Users\raghu\datasets\skin\SkinDisease\valid\Actinic_Keratosis\566__ProtectWyJQcm90ZWN0Il0_FocusFillWzI5NCwyMjIsInkiLDg1XQ.jpeg,train,C:\Users\raghu\datasets\skin\SkinDisease\train\Eczema\eczema-foot-78.jpeg,5,0
valid,C:\Users\raghu\datasets\skin\SkinDisease\valid\Actinic_Keratosis\PAT_1551_1889_948.png,train,C:\Users\raghu\datasets\skin\SkinDisease\train\SkinCancer\basal-cell-carcinoma-lesion-55.jpeg,5,0
valid,C:\Users\raghu\datasets\skin\SkinDisease\valid\Actinic_Keratosis\PAT_1572_2495_335.png,train,C:\Users\raghu\datasets\skin\SkinDisease\train\Eczema\eczema-areola-8.jpeg,5,0
valid,C:\Users\raghu\datasets\skin\SkinDisease\valid\Actinic_Keratosis\PAT_1572_2496_418.png,train,C:\Users\raghu\datasets\skin\SkinDisease\train\SkinCancer\basal-cell-carcinoma-pigmented-11.jpeg,5,0
valid,C:\Users\raghu\datasets\skin\SkinDisease\valid\Actinic_Keratosis\PAT_1573_2499_849.png,train,C:\Users\raghu\datasets\skin\SkinDisease\train\Actinic_Keratosis\PAT_1088_373_781.png,5,1
valid,C:\Users\raghu\datasets\skin\SkinDisease\valid\Actinic_Keratosis\PAT_1725_3222_943.png,train,C:\Users\raghu\datasets\skin\SkinDisease\train\Benign_tumors\dermatofibroma-115.jpeg,5,0
valid,C:\Users\raghu\datasets\skin\SkinDisease\valid\Actinic_Keratosis\PAT_1790_3427_723.png,train,C:\Users\raghu\datasets\skin\SkinDisease\train\Actinic_Keratosis\PAT_337_1697_721.png,5,1
valid,C:\Users\raghu\datasets\skin\SkinDisease\valid\Benign_tumors\30.jpg,train,C:\Users\raghu\datasets\skin\SkinDisease\train\Benign_tumors\dermatofibroma-100.jpeg,5,1
valid,C:\Users\raghu\datasets\skin\SkinDisease\valid\Benign_tumors\dermatofibroma-17.jpeg,train,C:\Users\raghu\datasets\skin\SkinDisease\train\Warts\warts-flat-35.jpeg,5,0
valid,C:\Users\raghu\datasets\skin\SkinDisease\valid\Benign_tumors\dermatofibroma-24.jpeg,train,C:\Users\raghu\datasets\skin\SkinDisease\train\Acne\acne-face-55__ProtectWyJQcm90ZWN0Il0_FocusFillWzI5NCwyMjIsIngiLDFd.jpeg,5,0
valid,C:\Users\raghu\datasets\skin\SkinDisease\valid\Eczema\05Atopic120604.jpeg,train,C:\Users\raghu\datasets\skin\SkinDisease\train\Warts\warts-flat-22.jpeg,5,0
valid,C:\Users\raghu\datasets\skin\SkinDisease\valid\Eczema\05Atopic12060423.jpeg,train,C:\Users\raghu\datasets\skin\SkinDisease\train\Vasculitis\erythema-nodosum-10.jpeg,5,0
valid,C:\Users\raghu\datasets\skin\SkinDisease\valid\Eczema\05Atopic12060424.jpeg,train,C:\Users\raghu\datasets\skin\SkinDisease\train\Actinic_Keratosis\actinic-keratosis-5FU-33.jpeg,5,0
valid,C:\Users\raghu\datasets\skin\SkinDisease\valid\Eczema\05Atopic12060425.jpeg,train,C:\Users\raghu\datasets\skin\SkinDisease\train\Eczema\eczema-foot-97.jpeg,5,1
valid,C:\Users\raghu\datasets\skin\SkinDisease\valid\Eczema\05AtopicDerm11031.jpeg,train,C:\Users\raghu\datasets\skin\SkinDisease\train\SkinCancer\ctcl-106.jpeg,5,0
valid,C:\Users\raghu\datasets\skin\SkinDisease\valid\Eczema\05atopic110705.jpeg,train,C:\Users\raghu\datasets\skin\SkinDisease\train\Eczema\eczema-nummular-159.jpeg,5,1
valid,C:\Users\raghu\datasets\skin\SkinDisease\valid\Eczema\05atopicAdult1118051.jpeg,train,C:\Users\raghu\datasets\skin\SkinDisease\train\Benign_tumors\porokeratosis-48.jpeg,5,0
valid,C:\Users\raghu\datasets\skin\SkinDisease\valid\Eczema\05atopicFeet0801052.jpeg,train,C:\Users\raghu\datasets\skin\SkinDisease\train\Acne\acne-face-18__ProtectWyJQcm90ZWN0Il0_FocusFillWzI5NCwyMjIsIngiLDE4XQ.jpeg,5,0
valid,C:\Users\raghu\datasets\skin\SkinDisease\valid\Eczema\05atopicFeet0823041.jpeg,train,C:\Users\raghu\datasets\skin\SkinDisease\train\Vasculitis\erythema-nodosum-15.jpeg,5,0
valid,C:\Users\raghu\datasets\skin\SkinDisease\valid\Eczema\05atopicKnee0801051.jpeg,train,C:\Users\raghu\datasets\skin\SkinDisease\train\Benign_tumors\skin-tags-polyps-66.jpeg,5,0
valid,C:\Users\raghu\datasets\skin\SkinDisease\valid\Eczema\3Eczema3-300.jpeg,train,C:\Users\raghu\datasets\skin\SkinDisease\train\Benign_tumors\epidermal-nevus-24.jpeg,5,0
valid,C:\Users\raghu\datasets\skin\SkinDisease\valid\Lupus\2539__ProtectWyJQcm90ZWN0Il0_FocusFillWzI5NCwyMjIsIngiLDBd.jpeg,train,C:\Users\raghu\datasets\skin\SkinDisease\train\Lupus\le-cheeks__ProtectWyJQcm90ZWN0Il0_FocusFillWzI5NCwyMjIsIngiLDFd.jpeg,5,1
valid,C:\Users\raghu\datasets\skin\SkinDisease\valid\Lupus\2541__ProtectWyJQcm90ZWN0Il0_FocusFillWzI5NCwyMjIsIngiLDFd.jpeg,train,C:\Users\raghu\datasets\skin\SkinDisease\train\Acne\acne-pustular-13.jpeg,5,0
valid,C:\Users\raghu\datasets\skin\SkinDisease\valid\SkinCancer\102.jpg,train,C:\Users\raghu\datasets\skin\SkinDisease\train\Actinic_Keratosis\ISIC_0029915.jpg,5,0
valid,C:\Users\raghu\datasets\skin\SkinDisease\valid\SkinCancer\55.jpg,train,C:\Users\raghu\datasets\skin\SkinDisease\train\SkinCancer\malignant-melanoma-183.jpeg,5,1
valid,C:\Users\raghu\datasets\skin\SkinDisease\valid\Vasculitis\erythema-multiforme-89.jpeg,train,C:\Users\raghu\datasets\skin\SkinDisease\train\Eczema\eczema-nummular-176.jpeg,5,0
valid,C:\Users\raghu\datasets\skin\SkinDisease\valid\Vasculitis\erythema-multiforme-96.jpeg,train,C:\Users\raghu\datasets\skin\SkinDisease\train\Actinic_Keratosis\3744__ProtectWyJQcm90ZWN0Il0_FocusFillWzI5NCwyMjIsIngiLDFd.jpeg,5,0
valid,C:\Users\raghu\datasets\skin\SkinDisease\valid\Warts\genital-warts-48.jpeg,train,C:\Users\raghu\datasets\skin\SkinDisease\train\Eczema\eczema-asteatotic-46.jpeg,5,0
test,C:\Users\raghu\datasets\skin\SkinDisease\test\Acne\acne-face-1-53__ProtectWyJQcm90ZWN0Il0_FocusFillWzI5NCwyMjIsIngiLDFd.jpeg,train,C:\Users\raghu\datasets\skin\SkinDisease\train\Acne\acne-face-78__ProtectWyJQcm90ZWN0Il0_FocusFillWzI5NCwyMjIsIngiLDFd.jpeg,5,1
test,C:\Users\raghu\datasets\skin\SkinDisease\test\Acne\acne-open-comedo-3.jpeg,train,C:\Users\raghu\datasets\skin\SkinDisease\train\Acne\acne-pustular-48.jpeg,5,1
test,C:\Users\raghu\datasets\skin\SkinDisease\test\Acne\acne-pustular-26.jpeg,train,C:\Users\raghu\datasets\skin\SkinDisease\train\Benign_tumors\neurofibromas-16.jpeg,5,0
test,C:\Users\raghu\datasets\skin\SkinDisease\test\Actinic_Keratosis\475__ProtectWyJQcm90ZWN0Il0_FocusFillWzI5NCwyMjIsIngiLDFd.jpeg,train,C:\Users\raghu\datasets\skin\SkinDisease\train\Vasculitis\erythema-nodosum-15.jpeg,5,0
test,C:\Users\raghu\datasets\skin\SkinDisease\test\Actinic_Keratosis\PAT_1995_4080_695.png,train,C:\Users\raghu\datasets\skin\SkinDisease\train\Actinic_Keratosis\PAT_1074_322_174.png,5,1
test,C:\Users\raghu\datasets\skin\SkinDisease\test\Actinic_Keratosis\PAT_2039_4290_273.png,train,C:\Users\raghu\datasets\skin\SkinDisease\train\Actinic_Keratosis\PAT_1094_381_85.png,5,1
test,C:\Users\raghu\datasets\skin\SkinDisease\test\Actinic_Keratosis\actinic-keratosis-face-58.jpeg,train,C:\Users\raghu\datasets\skin\SkinDisease\train\Actinic_Keratosis\images131.jpeg,5,1
test,C:\Users\raghu\datasets\skin\SkinDisease\test\Actinic_Keratosis\images204.jpeg,train,C:\Users\raghu\datasets\skin\SkinDisease\train\Actinic_Keratosis\BCC-Superficial_WEB-20130715024338198.jpeg,5,1
test,C:\Users\raghu\datasets\skin\SkinDisease\test\Actinic_Keratosis\images262.jpeg,train,C:\Users\raghu\datasets\skin\SkinDisease\train\Eczema\eczema-subacute-38.jpeg,5,0
test,C:\Users\raghu\datasets\skin\SkinDisease\test\Benign_tumors\20SebNevus0216.jpeg,train,C:\Users\raghu\datasets\skin\SkinDisease\train\Actinic_Keratosis\PAT_223_1068_246.png,5,0
test,C:\Users\raghu\datasets\skin\SkinDisease\test\Benign_tumors\accessory-nipple-7.jpeg,train,C:\Users\raghu\datasets\skin\SkinDisease\train\Acne\acne-open-comedo-12.jpeg,5,0
test,C:\Users\raghu\datasets\skin\SkinDisease\test\Benign_tumors\dermatofibroma-91.jpeg,train,C:\Users\raghu\datasets\skin\SkinDisease\train\Actinic_Keratosis\PAT_655_926_447.png,5,0
test,C:\Users\raghu\datasets\skin\SkinDisease\test\Benign_tumors\epidermal-cyst-141.jpeg,train,C:\Users\raghu\datasets\skin\SkinDisease\train\Acne\acne-pustular-6.jpeg,5,0
test,C:\Users\raghu\datasets\skin\SkinDisease\test\Benign_tumors\keratoacanthoma-167.jpeg,train,C:\Users\raghu\datasets\skin\SkinDisease\train\Lupus\sle-58__ProtectWyJQcm90ZWN0Il0_FocusFillWzI5NCwyMjIsIngiLDFd.jpeg,5,0
test,C:\Users\raghu\datasets\skin\SkinDisease\test\Benign_tumors\porokeratosis-70.jpeg,train,C:\Users\raghu\datasets\skin\SkinDisease\train\Benign_tumors\porokeratosis-71.jpeg,5,1
test,C:\Users\raghu\datasets\skin\SkinDisease\test\Benign_tumors\sebaceous-hyperplasia-94.jpeg,train,C:\Users\raghu\datasets\skin\SkinDisease\train\Benign_tumors\sebaceous-hyperplasia-95.jpeg,5,1
test,C:\Users\raghu\datasets\skin\SkinDisease\test\Eczema\05atopic0411055.jpeg,train,C:\Users\raghu\datasets\skin\SkinDisease\train\Actinic_Keratosis\actinic-keratosis-face-4.jpeg,5,0
test,C:\Users\raghu\datasets\skin\SkinDisease\test\Eczema\eczema-nummular-17.jpeg,train,C:\Users\raghu\datasets\skin\SkinDisease\train\Eczema\eczema-nummular-20.jpeg,5,1
test,C:\Users\raghu\datasets\skin\SkinDisease\test\Eczema\eczema-nummular-187.jpeg,train,C:\Users\raghu\datasets\skin\SkinDisease\train\Actinic_Keratosis\actinic-keratosis-hand-4.jpeg,5,0
test,C:\Users\raghu\datasets\skin\SkinDisease\test\Eczema\eczema-nummular-88.jpeg,train,C:\Users\raghu\datasets\skin\SkinDisease\train\Eczema\eczema-nummular-89.jpeg,5,1
test,C:\Users\raghu\datasets\skin\SkinDisease\test\Lupus\2574__ProtectWyJQcm90ZWN0Il0_FocusFillWzI5NCwyMjIsIngiLDFd.jpeg,train,C:\Users\raghu\datasets\skin\SkinDisease\train\Eczema\eczema-nummular-20.jpeg,5,0
test,C:\Users\raghu\datasets\skin\SkinDisease\test\Lupus\lupus-acute-54.jpeg,train,C:\Users\raghu\datasets\skin\SkinDisease\train\Lupus\lupus-acute-32.jpeg,5,1
test,C:\Users\raghu\datasets\skin\SkinDisease\test\SkinCancer\basal-cell-carcinoma-aldara-1.jpeg,train,C:\Users\raghu\datasets\skin\SkinDisease\train\Actinic_Keratosis\PAT_1421_1464_297.png,5,0
test,C:\Users\raghu\datasets\skin\SkinDisease\test\SkinCancer\basal-cell-carcinoma-lesion-137.jpeg,train,C:\Users\raghu\datasets\skin\SkinDisease\train\Benign_tumors\keratoacanthoma-123.jpeg,5,0
test,C:\Users\raghu\datasets\skin\SkinDisease\test\SkinCancer\basal-cell-carcinoma-superficial-55.jpeg,train,C:\Users\raghu\datasets\skin\SkinDisease\train\SkinCancer\melanoma-mimic-12.jpeg,5,1
test,C:\Users\raghu\datasets\skin\SkinDisease\test\SkinCancer\ctcl-110.jpeg,train,C:\Users\raghu\datasets\skin\SkinDisease\train\Vasculitis\interstitial-granulomatous-dermatitis-16.jpeg,5,0
test,C:\Users\raghu\datasets\skin\SkinDisease\test\SkinCancer\ctcl-8.jpeg,train,C:\Users\raghu\datasets\skin\SkinDisease\train\Eczema\eczema-subacute-79.jpeg,5,0
test,C:\Users\raghu\datasets\skin\SkinDisease\test\Vasculitis\erythema-multiforme-143.jpeg,train,C:\Users\raghu\datasets\skin\SkinDisease\train\Benign_tumors\epidermal-nevus-71.jpeg,5,0
test,C:\Users\raghu\datasets\skin\SkinDisease\test\Vasculitis\vasculitis-86.jpeg,train,C:\Users\raghu\datasets\skin\SkinDisease\train\Vasculitis\vasculitis-85.jpeg,5,1
test,C:\Users\raghu\datasets\skin\SkinDisease\test\Warts\warts-flat-21.jpeg,train,C:\Users\raghu\datasets\skin\SkinDisease\train\Warts\warts-periungual-9.jpeg,5,1
test,C:\Users\raghu\datasets\skin\SkinDisease\test\Acne\acne-closed-comedo-28.jpeg,valid,C:\Users\raghu\datasets\skin\SkinDisease\valid\Acne\acne-closed-comedo-6.jpeg,5,1
test,C:\Users\raghu\datasets\skin\SkinDisease\test\Acne\acne-face-42__ProtectWyJQcm90ZWN0Il0_FocusFillWzI5NCwyMjIsIngiLDFd.jpeg,valid,C:\Users\raghu\datasets\skin\SkinDisease\valid\Acne\acne-cystic-27.jpeg,5,1
test,C:\Users\raghu\datasets\skin\SkinDisease\test\Acne\acne-face-4__ProtectWyJQcm90ZWN0Il0_FocusFillWzI5NCwyMjIsIngiLDFd.jpeg,valid,C:\Users\raghu\datasets\skin\SkinDisease\valid\Eczema\05AtopicDerm0112042.jpeg,5,0
test,C:\Users\raghu\datasets\skin\SkinDisease\test\Actinic_Keratosis\PAT_2061_4395_587.png,valid,C:\Users\raghu\datasets\skin\SkinDisease\valid\Actinic_Keratosis\PAT_1739_3261_325.png,5,1
test,C:\Users\raghu\datasets\skin\SkinDisease\test\Actinic_Keratosis\PAT_2081_4488_57.png,valid,C:\Users\raghu\datasets\skin\SkinDisease\valid\Actinic_Keratosis\PAT_1547_1876_839.png,5,1
test,C:\Users\raghu\datasets\skin\SkinDisease\test\Benign_tumors\20SebNevus0216.jpeg,valid,C:\Users\raghu\datasets\skin\SkinDisease\valid\Benign_tumors\20SebNevus02161.jpeg,5,1
test,C:\Users\raghu\datasets\skin\SkinDisease\test\Benign_tumors\accessory-nipple-7.jpeg,valid,C:\Users\raghu\datasets\skin\SkinDisease\valid\Benign_tumors\07GiantComedone.jpeg,5,1
test,C:\Users\raghu\datasets\skin\SkinDisease\test\Benign_tumors\epidermal-cyst-141.jpeg,valid,C:\Users\raghu\datasets\skin\SkinDisease\valid\Acne\acne-cystic-18.jpeg,5,0
test,C:\Users\raghu\datasets\skin\SkinDisease\test\Eczema\eczema-fingertips-84.jpeg,valid,C:\Users\raghu\datasets\skin\SkinDisease\valid\Acne\acne-closed-comedo-13.jpeg,5,0
test,C:\Users\raghu\datasets\skin\SkinDisease\test\Eczema\eczema-foot-67.jpeg,valid,C:\Users\raghu\datasets\skin\SkinDisease\valid\Acne\acne-closed-comedo-11.jpeg,5,0
test,C:\Users\raghu\datasets\skin\SkinDisease\test\Eczema\eczema-nummular-187.jpeg,valid,C:\Users\raghu\datasets\skin\SkinDisease\valid\Eczema\05atopic110705.jpeg,5,1
test,C:\Users\raghu\datasets\skin\SkinDisease\test\Vasculitis\erythema-multiforme-95.jpeg,valid,C:\Users\raghu\datasets\skin\SkinDisease\valid\Vasculitis\erythema-multiforme-96.jpeg,5,1
test,C:\Users\raghu\datasets\skin\SkinDisease\test\Vasculitis\erythema-nodosum-33.jpeg,valid,C:\Users\raghu\datasets\skin\SkinDisease\valid\Vasculitis\erythema-multiforme-99.jpeg,5,1
test,C:\Users\raghu\datasets\skin\SkinDisease\test\Vasculitis\interstitial-granulomatous-dermatitis-8.jpeg,valid,C:\Users\raghu\datasets\skin\SkinDisease\valid\Eczema\05atopicDerm040405ok.jpeg,5,0
test,C:\Users\raghu\datasets\skin\SkinDisease\test\Vasculitis\pyoderma-gangrenosum-1.jpeg,valid,C:\Users\raghu\datasets\skin\SkinDisease\valid\Benign_tumors\dermatofibroma-68.jpeg,5,0
test,C:\Users\raghu\datasets\skin\SkinDisease\test\Warts\warts-digitate-13.jpeg,valid,C:\Users\raghu\datasets\skin\SkinDisease\valid\Benign_tumors\dermatofibroma-68.jpeg,5,0
test,C:\Users\raghu\datasets\skin\SkinDisease\test\Warts\warts-flat-34.jpeg,valid,C:\Users\raghu\datasets\skin\SkinDisease\valid\Actinic_Keratosis\474__ProtectWyJQcm90ZWN0Il0_FocusFillWzI5NCwyMjIsIngiLDFd.jpeg,5,0
test,C:\Users\raghu\datasets\skin\SkinDisease\test\Acne\acne-face-4__ProtectWyJQcm90ZWN0Il0_FocusFillWzI5NCwyMjIsIngiLDFd.jpeg,test,C:\Users\raghu\datasets\skin\SkinDisease\test\Acne\157__ProtectWyJQcm90ZWN0Il0_FocusFillWzI5NCwyMjIsIngiLDFd.jpeg,5,1
test,C:\Users\raghu\datasets\skin\SkinDisease\test\Acne\acne-face-5-9__ProtectWyJQcm90ZWN0Il0_FocusFillWzI5NCwyMjIsIngiLDFd.jpeg,test,C:\Users\raghu\datasets\skin\SkinDisease\test\Actinic_Keratosis\457__ProtectWyJQcm90ZWN0Il0_FocusFillWzI5NCwyMjIsIngiLDFd.jpeg,5,0
test,C:\Users\raghu\datasets\skin\SkinDisease\test\Actinic_Keratosis\PAT_2008_4126_489.png,test,C:\Users\raghu\datasets\skin\SkinDisease\test\SkinCancer\basal-cell-carcinoma-superficial-31.jpeg,5,0
test,C:\Users\raghu\datasets\skin\SkinDisease\test\Actinic_Keratosis\PAT_2050_4350_36.png,test,C:\Users\raghu\datasets\skin\SkinDisease\test\Benign_tumors\connective-tissue-nevus-1.jpeg,5,0
test,C:\Users\raghu\datasets\skin\SkinDisease\test\Actinic_Keratosis\actinic-keratosis-face-15.jpeg,test,C:\Users\raghu\datasets\skin\SkinDisease\test\Actinic_Keratosis\actinic-keratosis-lesion-5.jpeg,5,1
test,C:\Users\raghu\datasets\skin\SkinDisease\test\Actinic_Keratosis\actinicKeratosisSolarKeratosis_51768_lg.jpeg,test,C:\Users\raghu\datasets\skin\SkinDisease\test\Acne\acne-face-42__ProtectWyJQcm90ZWN0Il0_FocusFillWzI5NCwyMjIsIngiLDFd.jpeg,5,0
test,C:\Users\raghu\datasets\skin\SkinDisease\test\Benign_tumors\20SebNevus0216.jpeg,test,C:\Users\raghu\datasets\skin\SkinDisease\test\Benign_tumors\dermatofibroma-105.jpeg,5,1
test,C:\Users\raghu\datasets\skin\SkinDisease\test\Benign_tumors\dermatofibroma-15.jpeg,test,C:\Users\raghu\datasets\skin\SkinDisease\test\Actinic_Keratosis\PAT_1993_4076_174.png,5,0
test,C:\Users\raghu\datasets\skin\SkinDisease\test\Benign_tumors\epidermal-cyst-106.jpeg,test,C:\Users\raghu\datasets\skin\SkinDisease\test\SkinCancer\basal-cell-carcinoma-superficial-31.jpeg,5,0
test,C:\Users\raghu\datasets\skin\SkinDisease\test\Eczema\eczema-areola-6.jpeg,test,C:\Users\raghu\datasets\skin\SkinDisease\test\Benign_tumors\dermatofibroma-58.jpeg,5,0
test,C:\Users\raghu\datasets\skin\SkinDisease\test\Eczema\eczema-foot-25.jpeg,test,C:\Users\raghu\datasets\skin\SkinDisease\test\Acne\acne-face-1-8__ProtectWyJQcm90ZWN0Il0_FocusFillWzI5NCwyMjIsIngiLDFd.jpeg,5,0
test,C:\Users\raghu\datasets\skin\SkinDisease\test\Eczema\eczema-foot-69.jpeg,test,C:\Users\raghu\datasets\skin\SkinDisease\test\Eczema\05AtopicPop.jpeg,5,1
test,C:\Users\raghu\datasets\skin\SkinDisease\test\SkinCancer\basal-cell-carcinoma-face-29.jpeg,test,C:\Users\raghu\datasets\skin\SkinDisease\test\Benign_tumors\connective-tissue-nevus-1.jpeg,5,0
test,C:\Users\raghu\datasets\skin\SkinDisease\test\Vasculitis\pyoderma-gangrenosum-1.jpeg,test,C:\Users\raghu\datasets\skin\SkinDisease\test\Benign_tumors\20EpidermCystRuptured1.jpeg,5,0
test,C:\Users\raghu\datasets\skin\SkinDisease\test\Warts\warts-digitate-23.jpeg,test,C:\Users\raghu\datasets\skin\SkinDisease\test\Benign_tumors\20EpidermCystRuptured1.jpeg,5,0
train,C:\Users\raghu\datasets\skin\SkinDisease\train\Acne\acne-cystic-102.jpeg,train,C:\Users\raghu\datasets\skin\SkinDisease\train\Acne\acne-cystic-150.jpeg,5,1
train,C:\Users\raghu\datasets\skin\SkinDisease\train\Acne\acne-cystic-107.jpeg,train,C:\Users\raghu\datasets\skin\SkinDisease\train\Benign_tumors\keloids-54.jpeg,5,0
train,C:\Users\raghu\datasets\skin\SkinDisease\train\Acne\acne-cystic-131.jpeg,train,C:\Users\raghu\datasets\skin\SkinDisease\train\Actinic_Keratosis\PAT_468_4775_268.png,5,0
train,C:\Users\raghu\datasets\skin\SkinDisease\train\Acne\acne-cystic-85.jpeg,train,C:\Users\raghu\datasets\skin\SkinDisease\train\Actinic_Keratosis\actinic-keratosis-hand-13.jpeg,5,0
train,C:\Users\raghu\datasets\skin\SkinDisease\train\Acne\acne-cystic-92.jpeg,train,C:\Users\raghu\datasets\skin\SkinDisease\train\SkinCancer\basal-cell-carcinoma-superficial-40.jpeg,5,0
train,C:\Users\raghu\datasets\skin\SkinDisease\train\Acne\acne-excoriated-21.jpeg,train,C:\Users\raghu\datasets\skin\SkinDisease\train\Acne\acne-excoriated-22.jpeg,5,1
train,C:\Users\raghu\datasets\skin\SkinDisease\train\Acne\acne-face-1-37__ProtectWyJQcm90ZWN0Il0_FocusFillWzI5NCwyMjIsIngiLDFd.jpeg,train,C:\Users\raghu\datasets\skin\SkinDisease\train\Benign_tumors\epidermal-nevus-7.jpeg,5,0
train,C:\Users\raghu\datasets\skin\SkinDisease\train\Acne\acne-face-1-9__ProtectWyJQcm90ZWN0Il0_FocusFillWzI5NCwyMjIsIngiLDE4XQ.jpeg,train,C:\Users\raghu\datasets\skin\SkinDisease\train\Actinic_Keratosis\3751__ProtectWyJQcm90ZWN0Il0_FocusFillWzI5NCwyMjIsIngiLDFd.jpeg,5,0
train,C:\Users\raghu\datasets\skin\SkinDisease\train\Acne\acne-face-11-1__ProtectWyJQcm90ZWN0Il0_FocusFillWzI5NCwyMjIsIngiLDFd.jpeg,train,C:\Users\raghu\datasets\skin\SkinDisease\train\Benign_tumors\leiomyomata-1.jpeg,5,0
train,C:\Users\raghu\datasets\skin\SkinDisease\train\Acne\acne-face-18__ProtectWyJQcm90ZWN0Il0_FocusFillWzI5NCwyMjIsIngiLDE4XQ.jpeg,train,C:\Users\raghu\datasets\skin\SkinDisease\train\Actinic_Keratosis\PAT_230_350_872.png,5,0
train,C:\Users\raghu\datasets\skin\SkinDisease\train\Acne\acne-face-2-34__ProtectWyJQcm90ZWN0Il0_FocusFillWzI5NCwyMjIsIngiLDFd.jpeg,train,C:\Users\raghu\datasets\skin\SkinDisease\train\Acne\acne-face-43__ProtectWyJQcm90ZWN0Il0_FocusFillWzI5NCwyMjIsIngiLDFd.jpeg,5,1
train,C:\Users\raghu\datasets\skin\SkinDisease\train\Acne\acne-face-3-17__ProtectWyJQcm90ZWN0Il0_FocusFillWzI5NCwyMjIsIngiLDFd.jpeg,train,C:\Users\raghu\datasets\skin\SkinDisease\train\Acne\acne-face-5-3__ProtectWyJQcm90ZWN0Il0_FocusFillWzI5NCwyMjIsIngiLDFd.jpeg,5,1
train,C:\Users\raghu\datasets\skin\SkinDisease\train\Acne\acne-face-5-3__ProtectWyJQcm90ZWN0Il0_FocusFillWzI5NCwyMjIsIngiLDFd.jpeg,train,C:\Users\raghu\datasets\skin\SkinDisease\train\Benign_tumors\porokeratosis-5.jpeg,5,0
train,C:\Users\raghu\datasets\skin\SkinDisease\train\Acne\acne-face-52__ProtectWyJQcm90ZWN0Il0_FocusFillWzI5NCwyMjIsIngiLDFd.jpeg,train,C:\Users\raghu\datasets\skin\SkinDisease\train\Eczema\eczema-nummular-198.jpeg,5,0
train,C:\Users\raghu\datasets\skin\SkinDisease\train\Acne\acne-face-71__ProtectWyJQcm90ZWN0Il0_FocusFillWzI5NCwyMjIsIngiLDFd.jpeg,train,C:\Users\raghu\datasets\skin\SkinDisease\train\SkinCancer\ctcl-104.jpeg,5,0
train,C:\Users\raghu\datasets\skin\SkinDisease\train\Acne\acne-infantile-13.jpeg,train,C:\Users\raghu\datasets\skin\SkinDisease\train\Acne\acne-infantile-2.jpeg,5,1
train,C:\Users\raghu\datasets\skin\SkinDisease\train\Acne\acne-open-comedo-28.jpeg,train,C:\Users\raghu\datasets\skin\SkinDisease\train\Vasculitis\vasculitis-49.jpeg,5,0
train,C:\Users\raghu\datasets\skin\SkinDisease\train\Acne\acne-open-comedo-38.jpeg,train,C:\Users\raghu\datasets\skin\SkinDisease\train\Eczema\eczema-subacute-93.jpeg,5,0
train,C:\Users\raghu\datasets\skin\SkinDisease\train\Acne\acne-open-comedo-56.jpeg,train,C:\Users\raghu\datasets\skin\SkinDisease\train\SkinCancer\ctcl-62.jpeg,5,0
train,C:\Users\raghu\datasets\skin\SkinDisease\train\Acne\acne-pustular-3.jpeg,train,C:\Users\raghu\datasets\skin\SkinDisease\train\Acne\acne-pustular-47.jpeg,5,1
train,C:\Users\raghu\datasets\skin\SkinDisease\train\Acne\acne-pustular-30.jpeg,train,C:\Users\raghu\datasets\skin\SkinDisease\train\Benign_tumors\epidermal-cyst-139.jpeg,5,0
train,C:\Users\raghu\datasets\skin\SkinDisease\train\Acne\acne-pustular-34.jpeg,train,C:\Users\raghu\datasets\skin\SkinDisease\train\Acne\acne-pustular-47.jpeg,5,1
train,C:\Users\raghu\datasets\skin\SkinDisease\train\Acne\acne-pustular-38.jpeg,train,C:\Users\raghu\datasets\skin\SkinDisease\train\Actinic_Keratosis\images139.jpeg,5,0
train,C:\Users\raghu\datasets\skin\SkinDisease\train\Acne\acne-pustular-41.jpeg,train,C:\Users\raghu\datasets\skin\SkinDisease\train\Acne\acne-pustular-23.jpeg,5,1
train,C:\Users\raghu\datasets\skin\SkinDisease\train\Acne\acne-pustular-50.jpeg,train,C:\Users\raghu\datasets\skin\SkinDisease\train\Eczema\eczema-impetiginized-7.jpeg,5,0
train,C:\Users\raghu\datasets\skin\SkinDisease\train\Acne\acne-pustular-52.jpeg,train,C:\Users\raghu\datasets\skin\SkinDisease\train\Acne\acne-pustular-47.jpeg,5,1
train,C:\Users\raghu\datasets\skin\SkinDisease\train\Actinic_Keratosis\3735__ProtectWyJQcm90ZWN0Il0_FocusFillWzI5NCwyMjIsIngiLDFd.jpeg,train,C:\Users\raghu\datasets\skin\SkinDisease\train\Vasculitis\schamberg-disease-11.jpeg,5,0
train,C:\Users\raghu\datasets\skin\SkinDisease\train\Actinic_Keratosis\3745__ProtectWyJQcm90ZWN0Il0_FocusFillWzI5NCwyMjIsIngiLDFd.jpeg,train,C:\Users\raghu\datasets\skin\SkinDisease\train\Vasculitis\schamberg-disease-71.jpeg,5,0
train,C:\Users\raghu\datasets\skin\SkinDisease\train\Actinic_Keratosis\ISIC_0024763.jpg,train,C:\Users\raghu\datasets\skin\SkinDisease\train\Actinic_Keratosis\ISIC_0031228.jpg,5,1
train,C:\Users\raghu\datasets\skin\SkinDisease\train\Actinic_Keratosis\ISIC_0027884.jpg,train,C:\Users\raghu\datasets\skin\SkinDisease\train\Actinic_Keratosis\3741__ProtectWyJQcm90ZWN0Il0_FocusFillWzI5NCwyMjIsIngiLDFd.jpeg,5,1
train,C:\Users\raghu\datasets\skin\SkinDisease\train\Actinic_Keratosis\ISIC_0028619.jpg,train,C:\Users\raghu\datasets\skin\SkinDisease\train\Actinic_Keratosis\ISIC_0030586.jpg,5,1
train,C:\Users\raghu\datasets\skin\SkinDisease\train\Actinic_Keratosis\ISIC_0033866.jpg,train,C:\Users\raghu\datasets\skin\SkinDisease\train\Actinic_Keratosis\ISIC_0029141.jpg,5,1
train,C:\Users\raghu\datasets\skin\SkinDisease\train\Actinic_Keratosis\PAT_1074_322_242.png,train,C:\Users\raghu\datasets\skin\SkinDisease\train\Actinic_Keratosis\actinic-keratosis-horn-17.jpeg,5,1
train,C:\Users\raghu\datasets\skin\SkinDisease\train\Actinic_Keratosis\PAT_1074_322_662.png,train,C:\Users\raghu\datasets\skin\SkinDisease\train\Actinic_Keratosis\PAT_1309_1096_393.png,5,1
train,C:\Users\raghu\datasets\skin\SkinDisease\train\Actinic_Keratosis\PAT_1094_381_355.png,train,C:\Users\raghu\datasets\skin\SkinDisease\train\Benign_tumors\epidermal-cyst-108.jpeg,5,0
train,C:\Users\raghu\datasets\skin\SkinDisease\train\Actinic_Keratosis\PAT_1247_852_178.png,train,C:\Users\raghu\datasets\skin\SkinDisease\train\Actinic_Keratosis\images80.jpeg,5,1
train,C:\Users\raghu\datasets\skin\SkinDisease\train\Actinic_Keratosis\PAT_1255_876_939.png,train,C:\Users\raghu\datasets\skin\SkinDisease\train\Benign_tumors\dermatofibroma-115.jpeg,5,0
train,C:\Users\raghu\datasets\skin\SkinDisease\train\Actinic_Keratosis\PAT_1267_912_371.png,train,C:\Users\raghu\datasets\skin\SkinDisease\train\Actinic_Keratosis\images139.jpeg,5,1
train,C:\Users\raghu\datasets\skin\SkinDisease\train\Actinic_Keratosis\PAT_126_190_376.png,train,C:\Users\raghu\datasets\skin\SkinDisease\train\Warts\warts-common-41.jpeg,5,0
train,C:\Users\raghu\datasets\skin\SkinDisease\train\Actinic_Keratosis\PAT_1320_1135_471.png,train,C:\Users\raghu\datasets\skin\SkinDisease\train\Benign_tumors\leiomyomata-6.jpeg,5,0
train,C:\Users\raghu\datasets\skin\SkinDisease\train\Actinic_Keratosis\PAT_1370_1274_515.png,train,C:\Users\raghu\datasets\skin\SkinDisease\train\Actinic_Keratosis\PAT_1282_978_328.png,5,1
train,C:\Users\raghu\datasets\skin\SkinDisease\train\Actinic_Keratosis\PAT_1407_1402_562.png,train,C:\Users\raghu\datasets\skin\SkinDisease\train\Benign_tumors\neurofibromas-13.jpeg,5,0
train,C:\Users\raghu\datasets\skin\SkinDisease\train\Actinic_Keratosis\PAT_1414_1431_754.png,train,C:\Users\raghu\datasets\skin\SkinDisease\train\Benign_tumors\sebaceous-hyperplasia-60.jpeg,5,0
train,C:\Users\raghu\datasets\skin\SkinDisease\train\Actinic_Keratosis\PAT_1421_1464_297.png,train,C:\Users\raghu\datasets\skin\SkinDisease\train\Benign_tumors\spiny-keratoderma-7.jpeg,5,0
train,C:\Users\raghu\datasets\skin\SkinDisease\train\Actinic_Keratosis\PAT_1433_1499_29.png,train,C:\Users\raghu\datasets\skin\SkinDisease\train\Benign_tumors\epidermal-cyst-154.jpeg,5,0
train,C:\Users\raghu\datasets\skin\SkinDisease\train\Actinic_Keratosis\PAT_1449_1554_932.png,train,C:\Users\raghu\datasets\skin\SkinDisease\train\Actinic_Keratosis\PAT_655_926_447.png,5,1
train,C:\Users\raghu\datasets\skin\SkinDisease\train\Actinic_Keratosis\PAT_223_1068_246.png,train,C:\Users\raghu\datasets\skin\SkinDisease\train\SkinCancer\malignant-melanoma-87.jpeg,5,0
train,C:\Users\raghu\datasets\skin\SkinDisease\train\Actinic_Keratosis\PAT_286_1458_381.png,train,C:\Users\raghu\datasets\skin\SkinDisease\train\Actinic_Keratosis\actinic-keratosis-face-60.jpeg,5,1
train,C:\Users\raghu\datasets\skin\SkinDisease\train\Actinic_Keratosis\PAT_370_2558_573.png,train,C:\Users\raghu\datasets\skin\SkinDisease\train\Benign_tumors\leiomyomata-7.jpeg,5,0
train,C:\Users\raghu\datasets\skin\SkinDisease\train\Actinic_Keratosis\PAT_384_782_292.png,train,C:\Users\raghu\datasets\skin\SkinDisease\train\Acne\acne-pustular-47.jpeg,5,0
train,C:\Users\raghu\datasets\skin\SkinDisease\train\Actinic_Keratosis\PAT_388_1589_976.png,train,C:\Users\raghu\datasets\skin\SkinDisease\train\SkinCancer\basal-cell-carcinoma-superficial-34.jpeg,5,0
train,C:\Users\raghu\datasets\skin\SkinDisease\train\Actinic_Keratosis\PAT_409_2614_805.png,train,C:\Users\raghu\datasets\skin\SkinDisease\train\Eczema\eczema-asteatotic-42.jpeg,5,0
train,C:\Users\raghu\datasets\skin\SkinDisease\train\Actinic_Keratosis\PAT_86_1082_41.png,train,C:\Users\raghu\datasets\skin\SkinDisease\train\Actinic_Keratosis\PAT_1282_978_328.png,5,1
train,C:\Users\raghu\datasets\skin\SkinDisease\train\Actinic_Keratosis\PAT_961_1818_992.png,train,C:\Users\raghu\datasets\skin\SkinDisease\train\Benign_tumors\epidermal-cyst-117.jpeg,5,0
train,C:\Users\raghu\datasets\skin\SkinDisease\train\Actinic_Keratosis\actinic-cheilitis-sq-cell-lip-53.jpeg,train,C:\Users\raghu\datasets\skin\SkinDisease\train\Eczema\eczema-leg-19.jpeg,5,0
train,C:\Users\raghu\datasets\skin\SkinDisease\train\Actinic_Keratosis\actinic-keratosis-5FU-6.jpeg,train,C:\Users\raghu\datasets\skin\SkinDisease\train\Benign_tumors\keloids-79.jpeg,5,0
train,C:\Users\raghu\datasets\skin\SkinDisease\train\Actinic_Keratosis\actinic-keratosis-5FU-62.jpeg,train,C:\Users\raghu\datasets\skin\SkinDisease\train\Vasculitis\erythema-nodosum-15.jpeg,5,0
train,C:\Users\raghu\datasets\skin\SkinDisease\train\Actinic_Keratosis\actinic-keratosis-face-20.jpeg,train,C:\Users\raghu\datasets\skin\SkinDisease\train\Warts\warts-flat-30.jpeg,5,0
train,C:\Users\raghu\datasets\skin\SkinDisease\train\Actinic_Keratosis\actinic-keratosis-horn-7.jpeg,train,C:\Users\raghu\datasets\skin\SkinDisease\train\Eczema\eczema-asteatotic-46.jpeg,5,0
train,C:\Users\raghu\datasets\skin\SkinDisease\train\Actinic_Keratosis\actinic-keratosis-lesion-41.jpeg,train,C:\Users\raghu\datasets\skin\SkinDisease\train\Actinic_Keratosis\PAT_1088_373_781.png,5,1
train,C:\Users\raghu\datasets\skin\SkinDisease\train\Actinic_Keratosis\actinic-keratosis-pigmented-8.jpeg,train,C:\Users\raghu\datasets\skin\SkinDisease\train\Actinic_Keratosis\ISIC_0024654.jpg,5,1
train,C:\Users\raghu\datasets\skin\SkinDisease\train\Actinic_Keratosis\images177.jpeg,train,C:\Users\raghu\datasets\skin\SkinDisease\train\Vasculitis\schamberg-disease-59.jpeg,5,0
train,C:\Users\raghu\datasets\skin\SkinDisease\train\Actinic_Keratosis\images271.jpeg,train,C:\Users\raghu\datasets\skin\SkinDisease\train\Actinic_Keratosis\images48.jpeg,5,1
train,C:\Users\raghu\datasets\skin\SkinDisease\train\Actinic_Keratosis\images30.jpeg,train,C:\Users\raghu\datasets\skin\SkinDisease\train\Warts\warts-flat-30.jpeg,5,0
train,C:\Users\raghu\datasets\skin\SkinDisease\train\Actinic_Keratosis\images60.jpeg,train,C:\Users\raghu\datasets\skin\SkinDisease\train\Warts\warts-flat-26.jpeg,5,0
train,C:\Users\raghu\datasets\skin\SkinDisease\train\Benign_tumors\dermatofibroma-100.jpeg,train,C:\Users\raghu\datasets\skin\SkinDisease\train\SkinCancer\201.jpg,5,0
train,C:\Users\raghu\datasets\skin\SkinDisease\train\Benign_tumors\dermatofibroma-104.jpeg,train,C:\Users\raghu\datasets\skin\SkinDisease\train\Benign_tumors\dermatofibroma-106.jpeg,5,1
train,C:\Users\raghu\datasets\skin\SkinDisease\train\Benign_tumors\dermatofibroma-119.jpeg,train,C:\Users\raghu\datasets\skin\SkinDisease\train\Warts\warts-common-22.jpeg,5,0
train,C:\Users\raghu\datasets\skin\SkinDisease\train\Benign_tumors\dermatofibroma-128.jpeg,train,C:\Users\raghu\datasets\skin\SkinDisease\train\Benign_tumors\sebaceous-hyperplasia-92.jpeg,5,1
train,C:\Users\raghu\datasets\skin\SkinDisease\train\Benign_tumors\epidermal-cyst-115.jpeg,train,C:\Users\raghu\datasets\skin\SkinDisease\train\Lupus\subacute-lupus-09__ProtectWyJQcm90ZWN0Il0_FocusFillWzI5NCwyMjIsIngiLDFd.JPG.jpeg,5,0
train,C:\Users\raghu\datasets\skin\SkinDisease\train\Benign_tumors\epidermal-cyst-121.jpeg,train,C:\Users\raghu\datasets\skin\SkinDisease\train\Actinic_Keratosis\actinic-keratosis-pigmented-8.jpeg,5,0
train,C:\Users\raghu\datasets\skin\SkinDisease\train\Benign_tumors\epidermal-cyst-138.jpeg,train,C:\Users\raghu\datasets\skin\SkinDisease\train\Actinic_Keratosis\actinic-keratosis-face-38.jpeg,5,0
train,C:\Users\raghu\datasets\skin\SkinDisease\train\Benign_tumors\epidermal-nevus-61.jpeg,train,C:\Users\raghu\datasets\skin\SkinDisease\train\Benign_tumors\sebaceous-hyperplasia-92.jpeg,5,1
train,C:\Users\raghu\datasets\skin\SkinDisease\train\Benign_tumors\epidermal-nevus-inflammatory-4.jpeg,train,C:\Users\raghu\datasets\skin\SkinDisease\train\Actinic_Keratosis\PAT_1282_978_328.png,5,0
train,C:\Users\raghu\datasets\skin\SkinDisease\train\Benign_tumors\intraepidermal-epithelioma-1.jpeg,train,C:\Users\raghu\datasets\skin\SkinDisease\train\Eczema\eczema-nummular-199.jpeg,5,0
train,C:\Users\raghu\datasets\skin\SkinDisease\train\Benign_tumors\keloids-28.jpeg,train,C:\Users\raghu\datasets\skin\SkinDisease\train\Actinic_Keratosis\ISIC_0029141.jpg,5,0
train,C:\Users\raghu\datasets\skin\SkinDisease\train\Benign_tumors\keloids-30.jpeg,train,C:\Users\raghu\datasets\skin\SkinDisease\train\Actinic_Keratosis\PAT_1171_615_468.png,5,0
train,C:\Users\raghu\datasets\skin\SkinDisease\train\Benign_tumors\keloids-48.jpeg,train,C:\Users\raghu\datasets\skin\SkinDisease\train\Benign_tumors\keloids-78.jpeg,5,1
train,C:\Users\raghu\datasets\skin\SkinDisease\train\Benign_tumors\keloids-5.jpeg,train,C:\Users\raghu\datasets\skin\SkinDisease\train\Acne\acne-pustular-14.jpeg,5,0
train,C:\Users\raghu\datasets\skin\SkinDisease\train\Benign_tumors\kyrle-disease-1.jpeg,train,C:\Users\raghu\datasets\skin\SkinDisease\train\Benign_tumors\epidermal-cyst-88.jpeg,5,1
train,C:\Users\raghu\datasets\skin\SkinDisease\train\Benign_tumors\kyrle-disease-3.jpeg,train,C:\Users\raghu\datasets\skin\SkinDisease\train\Benign_tumors\kyrle-disease-4.jpeg,5,1
train,C:\Users\raghu\datasets\skin\SkinDisease\train\Benign_tumors\leiomyomata-3.jpeg,train,C:\Users\raghu\datasets\skin\SkinDisease\train\Acne\acne-face-55__ProtectWyJQcm90ZWN0Il0_FocusFillWzI5NCwyMjIsIngiLDFd.jpeg,5,0
train,C:\Users\raghu\datasets\skin\SkinDisease\train\Benign_tumors\leiomyomata-5.jpeg,train,C:\Users\raghu\datasets\skin\SkinDisease\train\Acne\acne-face-55__ProtectWyJQcm90ZWN0Il0_FocusFillWzI5NCwyMjIsIngiLDFd.jpeg,5,0
train,C:\Users\raghu\datasets\skin\SkinDisease\train\Benign_tumors\neurofibromas-10.jpeg,train,C:\Users\raghu\datasets\skin\SkinDisease\train\Eczema\eczema-asteatotic-35.jpeg,5,0
train,C:\Users\raghu\datasets\skin\SkinDisease\train\Benign_tumors\neurofibromas-2.jpeg,train,C:\Users\raghu\datasets\skin\SkinDisease\train\Actinic_Keratosis\PAT_1282_978_328.png,5,0
train,C:\Users\raghu\datasets\skin\SkinDisease\train\Benign_tumors\pilar-cyst-27.jpeg,train,C:\Users\raghu\datasets\skin\SkinDisease\train\Vasculitis\schamberg-disease-59.jpeg,5,0
train,C:\Users\raghu\datasets\skin\SkinDisease\train\Benign_tumors\porokeratosis-47.jpeg,train,C:\Users\raghu\datasets\skin\SkinDisease\train\Eczema\eczema-asteatotic-29.jpeg,5,0
train,C:\Users\raghu\datasets\skin\SkinDisease\train\Benign_tumors\sebaceous-hyperplasia-26.jpeg,train,C:\Users\raghu\datasets\skin\SkinDisease\train\Actinic_Keratosis\PAT_337_1697_721.png,5,0
train,C:\Users\raghu\datasets\skin\SkinDisease\train\Benign_tumors\sebaceous-hyperplasia-31.jpeg,train,C:\Users\raghu\datasets\skin\SkinDisease\train\Eczema\eczema-asteatotic-49.jpeg,5,0
train,C:\Users\raghu\datasets\skin\SkinDisease\train\Benign_tumors\sebaceous-hyperplasia-36.jpeg,train,C:\Users\raghu\datasets\skin\SkinDisease\train\Vasculitis\erythema-multiforme-2.jpeg,5,0
train,C:\Users\raghu\datasets\skin\SkinDisease\train\Benign_tumors\sebaceous-hyperplasia-61.jpeg,train,C:\Users\raghu\datasets\skin\SkinDisease\train\Vasculitis\schamberg-disease-3.jpeg,5,0
train,C:\Users\raghu\datasets\skin\SkinDisease\train\Benign_tumors\skin-tags-polyps-3.jpeg,train,C:\Users\raghu\datasets\skin\SkinDisease\train\SkinCancer\ctcl-87.jpeg,5,0
train,C:\Users\raghu\datasets\skin\SkinDisease\train\Benign_tumors\skin-tags-polyps-51.jpeg,train,C:\Users\raghu\datasets\skin\SkinDisease\train\SkinCancer\ctcl-65.jpeg,5,0
train,C:\Users\raghu\datasets\skin\SkinDisease\train\Benign_tumors\skin-tags-polyps-53.jpeg,train,C:\Users\raghu\datasets\skin\SkinDisease\train\Eczema\eczema-nummular-122.jpeg,5,0
train,C:\Users\raghu\datasets\skin\SkinDisease\train\Benign_tumors\skin-tags-polyps-67.jpeg,train,C:\Users\raghu\datasets\skin\SkinDisease\train\Actinic_Keratosis\PAT_337_1697_721.png,5,0
train,C:\Users\raghu\datasets\skin\SkinDisease\train\Benign_tumors\skin-tags-polyps-81.jpeg,train,C:\Users\raghu\datasets\skin\SkinDisease\train\Vasculitis\schamberg-disease-49.jpeg,5,0
train,C:\Users\raghu\datasets\skin\SkinDisease\train\Benign_tumors\skin-tags-polyps-9.jpeg,train,C:\Users\raghu\datasets\skin\SkinDisease\train\SkinCancer\ctcl-87.jpeg,5,0
train,C:\Users\raghu\datasets\skin\SkinDisease\train\Benign_tumors\skin-tags-polyps-92.jpeg,train,C:\Users\raghu\datasets\skin\SkinDisease\train\Benign_tumors\keratoacanthoma-122.jpeg,5,1
train,C:\Users\raghu\datasets\skin\SkinDisease\train\Benign_tumors\skin-tags-polyps-97.jpeg,train,C:\Users\raghu\datasets\skin\SkinDisease\train\Benign_tumors\neurofibromas-13.jpeg,5,1
train,C:\Users\raghu\datasets\skin\SkinDisease\train\Benign_tumors\spiny-keratoderma-8.jpeg,train,C:\Users\raghu\datasets\skin\SkinDisease\train\Warts\warts-flat-22.jpeg,5,0
train,C:\Users\raghu\datasets\skin\SkinDisease\train\Benign_tumors\syringoma-3.jpeg,train,C:\Users\raghu\datasets\skin\SkinDisease\train\Eczema\eczema-asteatotic-29.jpeg,5,0
train,C:\Users\raghu\datasets\skin\SkinDisease\train\Eczema\eczema-areola-14.jpeg,train,C:\Users\raghu\datasets\skin\SkinDisease\train\Actinic_Keratosis\images254.jpeg,5,0
train,C:\Users\raghu\datasets\skin\SkinDisease\train\Eczema\eczema-areola-18.jpeg,train,C:\Users\raghu\datasets\skin\SkinDisease\train\Benign_tumors\epidermal-nevus-61.jpeg,5,0
train,C:\Users\raghu\datasets\skin\SkinDisease\train\Eczema\eczema-asteatotic-28.jpeg,train,C:\Users\raghu\datasets\skin\SkinDisease\train\Eczema\eczema-subacute-54.jpeg,5,1
train,C:\Users\raghu\datasets\skin\SkinDisease\train\Eczema\eczema-asteatotic-34.jpeg,train,C:\Users\raghu\datasets\skin\SkinDisease\train\Benign_tumors\neurofibromas-9.jpeg,5,0
train,C:\Users\raghu\datasets\skin\SkinDisease\train\Eczema\eczema-asteatotic-36.jpeg,train,C:\Users\raghu\datasets\skin\SkinDisease\train\Acne\acne-pustular-14.jpeg,5,0
train,C:\Users\raghu\datasets\skin\SkinDisease\train\Eczema\eczema-fingertips-106.jpeg,train,C:\Users\raghu\datasets\skin\SkinDisease\train\Benign_tumors\epidermal-nevus-22.jpeg,5,0
train,C:\Users\raghu\datasets\skin\SkinDisease\train\Eczema\eczema-fingertips-81.jpeg,train,C:\Users\raghu\datasets\skin\SkinDisease\train\Warts\warts-periungual-9.jpeg,5,0
train,C:\Users\raghu\datasets\skin\SkinDisease\train\Eczema\eczema-foot-33.jpeg,train,C:\Users\raghu\datasets\skin\SkinDisease\train\Eczema\eczema-hand-98.jpeg,5,1
train,C:\Users\raghu\datasets\skin\SkinDisease\train\Eczema\eczema-foot-78.jpeg,train,C:\Users\raghu\datasets\skin\SkinDisease\train\Vasculitis\schamberg-disease-20.jpeg,5,0
train,C:\Users\raghu\datasets\skin\SkinDisease\train\Eczema\eczema-nummular-145.jpeg,train,C:\Users\raghu\datasets\skin\SkinDisease\train\Warts\warts-plantar-27.jpeg,5,0
train,C:\Users\raghu\datasets\skin\SkinDisease\train\Eczema\eczema-nummular-147.jpeg,train,C:\Users\raghu\datasets\skin\SkinDisease\train\Eczema\eczema-nummular-148.jpeg,5,1
train,C:\Users\raghu\datasets\skin\SkinDisease\train\Eczema\eczema-nummular-174.jpeg,train,C:\Users\raghu\datasets\skin\SkinDisease\train\Actinic_Keratosis\actinic-keratosis-lesion-37.jpeg,5,0
train,C:\Users\raghu\datasets\skin\SkinDisease\train\Eczema\eczema-nummular-176.jpeg,train,C:\Users\raghu\datasets\skin\SkinDisease\train\Lupus\lupus-chronic-cutaneous-121.jpeg,5,0
train,C:\Users\raghu\datasets\skin\SkinDisease\train\Eczema\eczema-nummular-91.jpeg,train,C:\Users\raghu\datasets\skin\SkinDisease\train\Benign_tumors\keratoacanthoma-149.jpeg,5,0
train,C:\Users\raghu\datasets\skin\SkinDisease\train\Eczema\eczema-subacute-15.jpeg,train,C:\Users\raghu\datasets\skin\SkinDisease\train\Eczema\eczema-nummular-129.jpeg,5,1
train,C:\Users\raghu\datasets\skin\SkinDisease\train\Eczema\eczema-subacute-25.jpeg,train,C:\Users\raghu\datasets\skin\SkinDisease\train\Benign_tumors\skin-tags-polyps-60.jpeg,5,0
train,C:\Users\raghu\datasets\skin\SkinDisease\train\Eczema\eczema-subacute-37.jpeg,train,C:\Users\raghu\datasets\skin\SkinDisease\train\Benign_tumors\leiomyomata-7.jpeg,5,0
train,C:\Users\raghu\datasets\skin\SkinDisease\train\Eczema\eczema-subacute-38.jpeg,train,C:\Users\raghu\datasets\skin\SkinDisease\train\Benign_tumors\epidermal-nevus-1.jpeg,5,0
train,C:\Users\raghu\datasets\skin\SkinDisease\train\Eczema\eczema-subacute-58.jpeg,train,C:\Users\raghu\datasets\skin\SkinDisease\train\Benign_tumors\porokeratosis-5.jpeg,5,0
train,C:\Users\raghu\datasets\skin\SkinDisease\train\Eczema\eczema-subacute-60.jpeg,train,C:\Users\raghu\datasets\skin\SkinDisease\train\Acne\acne-pustular-48.jpeg,5,0
train,C:\Users\raghu\datasets\skin\SkinDisease\train\Eczema\eczema-subacute-69.jpeg,train,C:\Users\raghu\datasets\skin\SkinDisease\train\Eczema\eczema-fingertips-104.jpeg,5,1
train,C:\Users\raghu\datasets\skin\SkinDisease\train\Eczema\eczema-subacute-76.jpeg,train,C:\Users\raghu\datasets\skin\SkinDisease\train\Eczema\eczema-asteatotic-56.jpeg,5,1
train,C:\Users\raghu\datasets\skin\SkinDisease\train\Eczema\eczema-subacute-91.jpeg,train,C:\Users\raghu\datasets\skin\SkinDisease\train\Acne\acne-pustular-3.jpeg,5,0
train,C:\Users\raghu\datasets\skin\SkinDisease\train\Eczema\eczema-subacute-94.jpeg,train,C:\Users\raghu\datasets\skin\SkinDisease\train\Warts\warts-flat-61.jpeg,5,0
train,C:\Users\raghu\datasets\skin\SkinDisease\train\Eczema\eczema-subacute-99.jpeg,train,C:\Users\raghu\datasets\skin\SkinDisease\train\Eczema\eczema-leg-19.jpeg,5,1
train,C:\Users\raghu\datasets\skin\SkinDisease\train\Eczema\eczema-trunk-generalized-10.jpeg,train,C:\Users\raghu\datasets\skin\SkinDisease\train\Warts\warts-flat-64.jpeg,5,0
train,C:\Users\raghu\datasets\skin\SkinDisease\train\Eczema\eczema-trunk-generalized-25.jpeg,train,C:\Users\raghu\datasets\skin\SkinDisease\train\Eczema\eczema-nummular-167.jpeg,5,1
train,C:\Users\raghu\datasets\skin\SkinDisease\train\Eczema\eczema-trunk-generalized-7.jpeg,train,C:\Users\raghu\datasets\skin\SkinDisease\train\Vasculitis\schamberg-disease-59.jpeg,5,0
train,C:\Users\raghu\datasets\skin\SkinDisease\train\Lupus\lupus-acute-3.jpeg,train,C:\Users\raghu\datasets\skin\SkinDisease\train\Lupus\lupus-acute-49.jpeg,5,1
train,C:\Users\raghu\datasets\skin\SkinDisease\train\Lupus\lupus-chronic-cutaneous-121.jpeg,train,C:\Users\raghu\datasets\skin\SkinDisease\train\Benign_tumors\skin-tags-polyps-33.jpeg,5,0
train,C:\Users\raghu\datasets\skin\SkinDisease\train\Lupus\lupus-chronic-cutaneous-4.jpeg,train,C:\Users\raghu\datasets\skin\SkinDisease\train\Lupus\lupus-chronic-cutaneous-54.jpeg,5,1
train,C:\Users\raghu\datasets\skin\SkinDisease\train\Lupus\subacute-lupus-17__ProtectWyJQcm90ZWN0Il0_FocusFillWzI5NCwyMjIsIngiLDFd.JPG.jpeg,train,C:\Users\raghu\datasets\skin\SkinDisease\train\Actinic_Keratosis\images61.jpeg,5,0
train,C:\Users\raghu\datasets\skin\SkinDisease\train\SkinCancer\235.jpg,train,C:\Users\raghu\datasets\skin\SkinDisease\train\SkinCancer\236.jpg,5,1
train,C:\Users\raghu\datasets\skin\SkinDisease\train\SkinCancer\basal-cell-carcinoma-lesion-69.jpeg,train,C:\Users\raghu\datasets\skin\SkinDisease\train\SkinCancer\basal-cell-carcinoma-lesion-55.jpeg,5,1
train,C:\Users\raghu\datasets\skin\SkinDisease\train\SkinCancer\basal-cell-carcinoma-nose-14.jpeg,train,C:\Users\raghu\datasets\skin\SkinDisease\train\SkinCancer\basal-cell-carcinoma-nose-3.jpeg,5,1
train,C:\Users\raghu\datasets\skin\SkinDisease\train\SkinCancer\basal-cell-carcinoma-pigmented-38.jpeg,train,C:\Users\raghu\datasets\skin\SkinDisease\train\Benign_tumors\keratoacanthoma-140.jpeg,5,0
train,C:\Users\raghu\datasets\skin\SkinDisease\train\SkinCancer\basal-cell-carcinoma-superficial-8.jpeg,train,C:\Users\raghu\datasets\skin\SkinDisease\train\Actinic_Keratosis\PAT_1282_978_328.png,5,0
train,C:\Users\raghu\datasets\skin\SkinDisease\train\SkinCancer\ctcl-66.jpeg,train,C:\Users\raghu\datasets\skin\SkinDisease\train\Vasculitis\erythema-nodosum-13.jpeg,5,0
train,C:\Users\raghu\datasets\skin\SkinDisease\train\SkinCancer\ctcl-87.jpeg,train,C:\Users\raghu\datasets\skin\SkinDisease\train\Acne\acne-open-comedo-51.jpeg,5,0
train,C:\Users\raghu\datasets\skin\SkinDisease\train\SkinCancer\malignant-melanoma-167.jpeg,train,C:\Users\raghu\datasets\skin\SkinDisease\train\Benign_tumors\dermatofibroma-128.jpeg,5,0
train,C:\Users\raghu\datasets\skin\SkinDisease\train\SkinCancer\malignant-melanoma-187.jpeg,train,C:\Users\raghu\datasets\skin\SkinDisease\train\Acne\acne-cystic-92.jpeg,5,0
train,C:\Users\raghu\datasets\skin\SkinDisease\train\SkinCancer\malignant-melanoma-85.jpeg,train,C:\Users\raghu\datasets\skin\SkinDisease\train\SkinCancer\malignant-melanoma-87.jpeg,5,1
train,C:\Users\raghu\datasets\skin\SkinDisease\train\Vasculitis\erythema-multiforme-2.jpeg,train,C:\Users\raghu\datasets\skin\SkinDisease\train\Benign_tumors\skin-tags-polyps-35.jpeg,5,0
train,C:\Users\raghu\datasets\skin\SkinDisease\train\Vasculitis\erythema-nodosum-14.jpeg,train,C:\Users\raghu\datasets\skin\SkinDisease\train\Eczema\eczema-asteatotic-49.jpeg,5,0
train,C:\Users\raghu\datasets\skin\SkinDisease\train\Vasculitis\schamberg-disease-63.jpeg,train,C:\Users\raghu\datasets\skin\SkinDisease\train\Benign_tumors\epidermal-nevus-20.jpeg,5,0
train,C:\Users\raghu\datasets\skin\SkinDisease\train\Vasculitis\vasculitis-1.jpeg,train,C:\Users\raghu\datasets\skin\SkinDisease\train\Vasculitis\schamberg-disease-18.jpeg,5,1
train,C:\Users\raghu\datasets\skin\SkinDisease\train\Vasculitis\vasculitis-22.jpeg,train,C:\Users\raghu\datasets\skin\SkinDisease\train\SkinCancer\basal-cell-carcinoma-lesion-70.jpeg,5,0
train,C:\Users\raghu\datasets\skin\SkinDisease\train\Vasculitis\vasculitis-27.jpeg,train,C:\Users\raghu\datasets\skin\SkinDisease\train\Vasculitis\vasculitis-38.jpeg,5,1
train,C:\Users\raghu\datasets\skin\SkinDisease\train\Vasculitis\vasculitis-3.jpeg,train,C:\Users\raghu\datasets\skin\SkinDisease\train\Benign_tumors\leiomyomata-9.jpeg,5,0
train,C:\Users\raghu\datasets\skin\SkinDisease\train\Vasculitis\vasculitis-69.jpeg,train,C:\Users\raghu\datasets\skin\SkinDisease\train\Actinic_Keratosis\3755__ProtectWyJQcm90ZWN0Il0_FocusFillWzI5NCwyMjIsIngiLDFd.jpeg,5,0
train,C:\Users\raghu\datasets\skin\SkinDisease\train\Vasculitis\vasculitis-7.jpeg,train,C:\Users\raghu\datasets\skin\SkinDisease\train\Acne\acne-face-55__ProtectWyJQcm90ZWN0Il0_FocusFillWzI5NCwyMjIsIngiLDFd.jpeg,5,0
train,C:\Users\raghu\datasets\skin\SkinDisease\train\Warts\warts-31.jpeg,train,C:\Users\raghu\datasets\skin\SkinDisease\train\Actinic_Keratosis\PAT_1407_1402_562.png,5,0
train,C:\Users\raghu\datasets\skin\SkinDisease\train\Warts\warts-common-31.jpeg,train,C:\Users\raghu\datasets\skin\SkinDisease\train\Benign_tumors\epidermal-cyst-161.jpeg,5,0
train,C:\Users\raghu\datasets\skin\SkinDisease\train\Warts\warts-common-98.jpeg,train,C:\Users\raghu\datasets\skin\SkinDisease\train\Actinic_Keratosis\actinic-keratosis-horn-7.jpeg,5,0
train,C:\Users\raghu\datasets\skin\SkinDisease\train\Warts\warts-cryotherapy-12.jpeg,train,C:\Users\raghu\datasets\skin\SkinDisease\train\Acne\acne-pustular-14.jpeg,5,0
train,C:\Users\raghu\datasets\skin\SkinDisease\train\Warts\warts-digitate-64.jpeg,train,C:\Users\raghu\datasets\skin\SkinDisease\train\Actinic_Keratosis\PAT_1428_1489_38.png,5,0
train,C:\Users\raghu\datasets\skin\SkinDisease\train\Warts\warts-flat-27.jpeg,train,C:\Users\raghu\datasets\skin\SkinDisease\train\Vasculitis\henoch-schonlein-purpura-23.jpeg,5,0
train,C:\Users\raghu\datasets\skin\SkinDisease\train\Warts\warts-flat-31.jpeg,train,C:\Users\raghu\datasets\skin\SkinDisease\train\Eczema\eczema-asteatotic-48.jpeg,5,0
train,C:\Users\raghu\datasets\skin\SkinDisease\train\Warts\warts-flat-37.jpeg,train,C:\Users\raghu\datasets\skin\SkinDisease\train\SkinCancer\basal-cell-carcinoma-superficial-19.jpeg,5,0
train,C:\Users\raghu\datasets\skin\SkinDisease\train\Warts\warts-flat-44.jpeg,train,C:\Users\raghu\datasets\skin\SkinDisease\train\Acne\acne-pustular-6.jpeg,5,0
train,C:\Users\raghu\datasets\skin\SkinDisease\train\Warts\warts-flat-61.jpeg,train,C:\Users\raghu\datasets\skin\SkinDisease\train\Benign_tumors\keratoacanthoma-131.jpeg,5,0
train,C:\Users\raghu\datasets\skin\SkinDisease\train\Warts\warts-immunocompromised-1.jpeg,train,C:\Users\raghu\datasets\skin\SkinDisease\train\Warts\warts-flat-64.jpeg,5,1
train,C:\Users\raghu\datasets\skin\SkinDisease\train\Warts\warts-plantar-82.jpeg,train,C:\Users\raghu\datasets\skin\SkinDisease\train\Lupus\sle-58__ProtectWyJQcm90ZWN0Il0_FocusFillWzI5NCwyMjIsIngiLDFd.jpeg,5,0
valid,C:\Users\raghu\datasets\skin\SkinDisease\valid\Acne\152__ProtectWyJQcm90ZWN0Il0_FocusFillWzI5NCwyMjIsIngiLDFd.jpeg,valid,C:\Users\raghu\datasets\skin\SkinDisease\valid\Acne\acne-closed-comedo-24.jpeg,5,1
valid,C:\Users\raghu\datasets\skin\SkinDisease\valid\Acne\181__ProtectWyJQcm90ZWN0Il0_FocusFillWzI5NCwyMjIsIngiLDFd.jpeg,valid,C:\Users\raghu\datasets\skin\SkinDisease\valid\Acne\acne-closed-comedo-6.jpeg,5,1
valid,C:\Users\raghu\datasets\skin\SkinDisease\valid\Acne\acne-closed-comedo-20.jpeg,valid,C:\Users\raghu\datasets\skin\SkinDisease\valid\Eczema\3Eczema3-291.jpeg,5,0
valid,C:\Users\raghu\datasets\skin\SkinDisease\valid\Acne\acne-closed-comedo-3.jpeg,valid,C:\Users\raghu\datasets\skin\SkinDisease\valid\Acne\acne-closed-comedo-6.jpeg,5,1
valid,C:\Users\raghu\datasets\skin\SkinDisease\valid\Acne\acne-closed-comedo-40.jpeg,valid,C:\Users\raghu\datasets\skin\SkinDisease\valid\Acne\acne-closed-comedo-24.jpeg,5,1
valid,C:\Users\raghu\datasets\skin\SkinDisease\valid\Acne\acne-cystic-13.jpeg,valid,C:\Users\raghu\datasets\skin\SkinDisease\valid\Acne\acne-closed-comedo-1.jpeg,5,1
valid,C:\Users\raghu\datasets\skin\SkinDisease\valid\Acne\acne-cystic-3.jpeg,valid,C:\Users\raghu\datasets\skin\SkinDisease\valid\Actinic_Keratosis\528__ProtectWyJQcm90ZWN0Il0_FocusFillWzI5NCwyMjIsIngiLDFd.jpeg,5,0
valid,C:\Users\raghu\datasets\skin\SkinDisease\valid\Acne\acne-cystic-38.jpeg,valid,C:\Users\raghu\datasets\skin\SkinDisease\valid\SkinCancer\2.jpg,5,0
valid,C:\Users\raghu\datasets\skin\SkinDisease\valid\Acne\acne-cystic-47.jpeg,valid,C:\Users\raghu\datasets\skin\SkinDisease\valid\Acne\acne-closed-comedo-24.jpeg,5,1
valid,C:\Users\raghu\datasets\skin\SkinDisease\valid\Actinic_Keratosis\261__ProtectWyJQcm90ZWN0Il0_FocusFillWzI5NCwyMjIsIngiLDFd.jpeg,valid,C:\Users\raghu\datasets\skin\SkinDisease\valid\Actinic_Keratosis\420__ProtectWyJQcm90ZWN0Il0_FocusFillWzI5NCwyMjIsIngiLDFd.jpeg,5,1
valid,C:\Users\raghu\datasets\skin\SkinDisease\valid\Actinic_Keratosis\PAT_1531_1800_683.png,valid,C:\Users\raghu\datasets\skin\SkinDisease\valid\Acne\acne-closed-comedo-13.jpeg,5,0
valid,C:\Users\raghu\datasets\skin\SkinDisease\valid\Actinic_Keratosis\PAT_1551_1889_948.png,valid,C:\Users\raghu\datasets\skin\SkinDisease\valid\Actinic_Keratosis\PAT_1738_3260_304.png,5,1
valid,C:\Users\raghu\datasets\skin\SkinDisease\valid\Actinic_Keratosis\PAT_1790_3427_723.png,valid,C:\Users\raghu\datasets\skin\SkinDisease\valid\Actinic_Keratosis\PAT_1722_3214_672.png,5,1
valid,C:\Users\raghu\datasets\skin\SkinDisease\valid\Benign_tumors\12.jpg,valid,C:\Users\raghu\datasets\skin\SkinDisease\valid\Actinic_Keratosis\420__ProtectWyJQcm90ZWN0Il0_FocusFillWzI5NCwyMjIsIngiLDFd.jpeg,5,0
valid,C:\Users\raghu\datasets\skin\SkinDisease\valid\Benign_tumors\33.jpg,valid,C:\Users\raghu\datasets\skin\SkinDisease\valid\Benign_tumors\42.jpg,5,1
valid,C:\Users\raghu\datasets\skin\SkinDisease\valid\Benign_tumors\42.jpg,valid,C:\Users\raghu\datasets\skin\SkinDisease\valid\Eczema\05Atopic0322042.jpeg,5,0
valid,C:\Users\raghu\datasets\skin\SkinDisease\valid\Benign_tumors\dermatofibroma-24.jpeg,valid,C:\Users\raghu\datasets\skin\SkinDisease\valid\Acne\152__ProtectWyJQcm90ZWN0Il0_FocusFillWzI5NCwyMjIsIngiLDFd.jpeg,5,0
valid,C:\Users\raghu\datasets\skin\SkinDisease\valid\Benign_tumors\dermatofibroma-27.jpeg,valid,C:\Users\raghu\datasets\skin\SkinDisease\valid\Benign_tumors\dermatofibroma-70.jpeg,5,1
valid,C:\Users\raghu\datasets\skin\SkinDisease\valid\Benign_tumors\dermatofibroma-60.jpeg,valid,C:\Users\raghu\datasets\skin\SkinDisease\valid\Benign_tumors\dermatofibroma-61.jpeg,5,1
valid,C:\Users\raghu\datasets\skin\SkinDisease\valid\Eczema\05Atopic042801.jpeg,valid,C:\Users\raghu\datasets\skin\SkinDisease\valid\Eczema\05Atopic042802.jpeg,5,1
valid,C:\Users\raghu\datasets\skin\SkinDisease\valid\Eczema\05Atopic12060417.jpeg,valid,C:\Users\raghu\datasets\skin\SkinDisease\valid\Actinic_Keratosis\420__ProtectWyJQcm90ZWN0Il0_FocusFillWzI5NCwyMjIsIngiLDFd.jpeg,5,0
valid,C:\Users\raghu\datasets\skin\SkinDisease\valid\Eczema\05Atopic18.jpeg,valid,C:\Users\raghu\datasets\skin\SkinDisease\valid\Acne\acne-closed-comedo-9.jpeg,5,0
valid,C:\Users\raghu\datasets\skin\SkinDisease\valid\Eczema\05AtopicFossa1q.jpeg,valid,C:\Users\raghu\datasets\skin\SkinDisease\valid\Eczema\05Atopic071204.jpeg,5,1
valid,C:\Users\raghu\datasets\skin\SkinDisease\valid\Eczema\05atopic022805.jpeg,valid,C:\Users\raghu\datasets\skin\SkinDisease\valid\Eczema\05Atopic12060422.jpeg,5,1
valid,C:\Users\raghu\datasets\skin\SkinDisease\valid\Eczema\05atopic0228051.jpeg,valid,C:\Users\raghu\datasets\skin\SkinDisease\valid\Eczema\05AtopicDerm0112042.jpeg,5,1
valid,C:\Users\raghu\datasets\skin\SkinDisease\valid\Eczema\05atopic110705.jpeg,valid,C:\Users\raghu\datasets\skin\SkinDisease\valid\Actinic_Keratosis\418__ProtectWyJQcm90ZWN0Il0_FocusFillWzI5NCwyMjIsIngiLDFd.jpeg,5,0
valid,C:\Users\raghu\datasets\skin\SkinDisease\valid\Eczema\05atopicAdult111805.jpeg,valid,C:\Users\raghu\datasets\skin\SkinDisease\valid\Eczema\05atopicAdult1118051.jpeg,5,1
valid,C:\Users\raghu\datasets\skin\SkinDisease\valid\Eczema\05atopicDerm0328051.jpeg,valid,C:\Users\raghu\datasets\skin\SkinDisease\valid\Acne\acne-closed-comedo-12.jpeg,5,0
valid,C:\Users\raghu\datasets\skin\SkinDisease\valid\Eczema\05atopicDerm040405ok.jpeg,valid,C:\Users\raghu\datasets\skin\SkinDisease\valid\Eczema\3Eczema3-290.jpeg,5,1
valid,C:\Users\raghu\datasets\skin\SkinDisease\valid\Lupus\2541__ProtectWyJQcm90ZWN0Il0_FocusFillWzI5NCwyMjIsIngiLDFd.jpeg,valid,C:\Users\raghu\datasets\skin\SkinDisease\valid\Acne\acne-closed-comedo-13.jpeg,5,0
valid,C:\Users\raghu\datasets\skin\SkinDisease\valid\SkinCancer\137.jpg,valid,C:\Users\raghu\datasets\skin\SkinDisease\valid\Acne\acne-closed-comedo-5.jpeg,5,0
valid,C:\Users\raghu\datasets\skin\SkinDisease\valid\SkinCancer\143.jpg,valid,C:\Users\raghu\datasets\skin\SkinDisease\valid\SkinCancer\80.jpg,5,1
valid,C:\Users\raghu\datasets\skin\SkinDisease\valid\SkinCancer\168.jpg,valid,C:\Users\raghu\datasets\skin\SkinDisease\valid\SkinCancer\99.jpg,5,1
valid,C:\Users\raghu\datasets\skin\SkinDisease\valid\SkinCancer\169.jpg,valid,C:\Users\raghu\datasets\skin\SkinDisease\valid\SkinCancer\136.jpg,5,1
valid,C:\Users\raghu\datasets\skin\SkinDisease\valid\SkinCancer\189.jpg,valid,C:\Users\raghu\datasets\skin\SkinDisease\valid\Eczema\05AtopicDerm0112042.jpeg,5,0
valid,C:\Users\raghu\datasets\skin\SkinDisease\valid\SkinCancer\83.jpg,valid,C:\Users\raghu\datasets\skin\SkinDisease\valid\SkinCancer\80.jpg,5,1
valid,C:\Users\raghu\datasets\skin\SkinDisease\valid\Warts\genital-warts-48.jpeg,valid,C:\Users\raghu\datasets\skin\SkinDisease\valid\Benign_tumors\dermatofibroma-7.jpeg,5,0
